File Version,253.000000
# of Channels,1.000000
Samples/Channel,10510.000000
Scan Rate (Hz),10000.000000
Timestamp,3798714065.399572
Operating Mode,1.000000
Trial #,13.000000
Session #,74.000000
Subject code 1,67.000000
Subject code 2,50.000000
Feedback Window,0.000000
Feedback Ch,0.000000
Ch B,0.000000
Pre-Stim Acq. time (ms),1.000000
Post-Stim Acq. time (ms),1000.000000
EMG Hi Limit,50.000000
EMG Lo Limit,0.003000
Target Value (V),20.000000
Stimulus Value (V),0.359469
Stimulus duration (ms),0.100000
EMG conditions time limit (sec),0.200000
M-response Start (ms),0.000000
M-response Duration (ms),4.000000
H-response Duration (ms),6.000000
H-response Start (ms),4.000000
Proportioanl gain,0.001000
Channel to monitor,0.000000
SIU gain,20.000000
FB Monitor value,0.030552
Inter-Stim delay (sec),5.000000
M-Window Mean,0.064894
H-Window Mean,0.101320
Stimulus paradigm,2.000000
# of Pulses in cond train,1.000000
Cond duration (ms),0.100000
Cond Train pulse period (ms),50.000000
Cond Value (V),0.359469
Start Delay (ms),0.000000
# of Pulses in stim train,1.000000
Stim Train pulse period (ms),50.000000
EMG amp gain ch 1,1000.000000
EMG amp gain ch 2,1000.000000
EMG amp gain ch 3,500.000000
EMG amp gain ch 4,500.000000
EMG amp gain ch 5,500.000000
EMG amp gain ch 6,500.000000
Stim Type 1,2.000000
Stim/Cond 1,0.000000
Stim Type 2,3.000000
Stim/Cond 2,0.000000
Stim Type 3,3.000000
Stim/Cond 3,0.000000
Stim Type 4,3.000000
Stim/Cond 4,0.000000
Stim Value 1,0.359469
Stim Value 2,0.000000
Stim Value 3,0.000000
Stim Value 4,0.000000
1st PP Channel,-1.000000
Pressure (g),0.000000
Speed (mm/sec),0.000000
Dwell (ms),0.000000
Pressure limit (g),0.000000
Travel limit (mm),0.000000
Amp gain,0.000000
Wait Trig?,0.000000
Move Timeout (ms),0.000000
Time Taken (ms),0.000000
Actual Travel (mm),0.000000
Recorded Data (mV),
0.148
0.145
0.146
0.146
0.147
0.141
0.137
0.137
0.140
0.133
0.130
0.135
0.123
0.129
0.129
0.123
0.128
0.127
0.118
0.118
0.116
0.118
0.125
0.147
0.173
0.210
0.234
0.238
0.202
0.143
0.067
0.015
-0.005
-0.002
0.029
0.048
0.055
0.058
0.054
0.055
0.056
0.054
0.052
0.051
0.049
0.044
0.042
0.041
0.034
0.032
0.035
0.032
0.030
0.036
0.033
0.030
0.033
0.033
0.028
0.031
0.024
0.023
0.021
0.012
0.015
0.008
0.012
0.010
0.018
0.027
0.034
0.029
0.029
0.025
0.028
0.022
0.015
0.008
0.011
0.013
0.018
0.021
0.024
0.027
0.033
0.033
0.042
0.041
0.047
0.051
0.053
0.053
0.060
0.056
0.056
0.061
0.058
0.062
0.064
0.068
0.070
0.071
0.082
0.080
0.084
0.084
0.084
0.086
0.091
0.090
0.100
0.102
0.099
0.099
0.112
0.113
0.123
0.125
0.137
0.143
0.150
0.145
0.151
0.145
0.144
0.145
0.144
0.144
0.147
0.152
0.153
0.157
0.169
0.166
0.174
0.166
0.162
0.163
0.160
0.166
0.164
0.168
0.165
0.166
0.173
0.182
0.185
0.186
0.185
0.190
0.190
0.184
0.177
0.171
0.171
0.170
0.169
0.168
0.176
0.173
0.182
0.176
0.174
0.171
0.171
0.162
0.159
0.160
0.153
0.154
0.150
0.148
0.146
0.143
0.144
0.146
0.141
0.142
0.142
0.135
0.131
0.128
0.122
0.120
0.126
0.121
0.118
0.115
0.112
0.110
0.109
0.105
0.105
0.106
0.104
0.104
0.102
0.098
0.094
0.082
0.075
0.068
0.067
0.058
0.052
0.058
0.059
0.057
0.060
0.058
0.057
0.052
0.046
0.048
0.039
0.034
0.038
0.031
0.034
0.034
0.039
0.034
0.030
0.029
0.035
0.030
0.031
0.029
0.027
0.023
0.016
0.014
0.015
0.018
0.023
0.023
0.028
0.029
0.034
0.029
0.031
0.028
0.025
0.019
0.022
0.019
0.015
0.020
0.022
0.025
0.030
0.030
0.033
0.035
0.042
0.039
0.049
0.046
0.053
0.053
0.054
0.057
0.060
0.058
0.067
0.069
0.070
0.070
0.075
0.078
0.077
0.085
0.083
0.086
0.089
0.089
0.099
0.098
0.099
0.100
0.104
0.113
0.116
0.123
0.133
0.137
0.139
0.144
0.143
0.143
0.143
0.139
0.144
0.144
0.149
0.154
0.158
0.159
0.167
0.165
0.167
0.171
0.168
0.169
0.167
0.170
0.172
0.168
0.164
0.157
0.167
0.174
0.181
0.185
0.188
0.187
0.190
0.185
0.179
0.170
0.174
0.169
0.173
0.168
0.173
0.173
0.174
0.170
0.171
0.177
0.173
0.166
0.162
0.153
0.155
0.150
0.146
0.146
0.142
0.140
0.138
0.138
0.138
0.136
0.133
0.133
0.133
0.132
0.133
0.128
0.126
0.123
0.118
0.110
0.115
0.109
0.111
0.112
0.109
0.106
0.103
0.102
0.096
0.102
0.097
0.089
0.079
0.072
0.070
0.063
0.061
0.054
0.059
0.054
0.062
0.056
0.057
0.054
0.055
0.046
0.048
0.042
0.043
0.042
0.042
0.038
0.039
0.039
0.033
0.041
0.045
0.040
0.040
0.040
0.034
0.031
0.031
0.024
0.017
0.021
0.025
0.030
0.035
0.040
0.040
0.033
0.034
0.035
0.037
0.028
0.021
0.023
0.024
0.022
0.027
0.024
0.032
0.033
0.038
0.037
0.047
0.046
0.056
0.056
0.061
0.058
0.062
0.059
0.066
0.068
0.069
0.068
0.072
0.071
0.076
0.081
0.079
0.088
0.088
0.087
0.093
0.099
0.095
0.097
0.100
0.105
0.106
0.117
0.120
0.129
0.135
0.146
0.141
0.143
0.144
0.150
0.150
0.149
0.145
0.157
0.153
0.155
0.156
0.161
0.160
0.166
0.169
0.171
0.173
0.178
0.169
0.172
0.174
0.175
0.165
0.170
0.174
0.179
0.179
0.184
0.184
0.193
0.195
0.190
0.184
0.183
0.177
0.177
0.178
0.181
0.177
0.185
0.180
0.179
0.181
0.178
0.178
0.171
0.168
0.169
0.161
0.160
0.159
0.153
0.150
0.145
0.147
0.146
0.140
0.142
0.133
0.135
0.136
0.139
0.134
0.139
0.129
0.126
0.122
0.127
0.115
0.119
0.118
0.119
0.112
0.108
0.103
0.111
0.099
0.108
0.102
0.096
0.088
0.084
0.078
0.075
0.069
0.062
0.060
0.062
0.062
0.064
0.062
0.063
0.056
0.055
0.048
0.048
0.046
0.049
0.040
0.042
0.038
0.039
0.040
0.038
0.037
0.045
0.043
0.039
0.038
0.034
0.028
0.024
0.024
0.023
0.022
0.026
0.028
0.033
0.042
0.036
0.038
0.035
0.036
0.031
0.024
0.026
0.018
0.027
0.026
0.029
0.032
0.038
0.041
0.051
0.050
0.051
0.054
0.061
0.062
0.064
0.061
0.062
0.065
0.062
0.069
0.070
0.065
0.072
0.075
0.080
0.077
0.085
0.087
0.090
0.092
0.093
0.095
0.102
0.103
0.103
0.105
0.115
0.119
0.120
0.125
0.129
0.142
0.146
0.152
0.151
0.154
0.156
0.154
0.152
0.152
0.156
0.158
0.158
0.163
0.170
0.168
0.175
0.176
0.182
0.179
0.174
0.174
0.177
0.175
0.174
0.176
0.175
0.175
0.190
0.190
0.192
0.195
0.198
0.189
0.191
0.186
0.181
0.177
0.176
0.179
0.181
0.184
0.184
0.185
0.179
0.176
0.176
0.172
0.167
0.165
0.159
0.157
0.157
0.151
0.151
0.142
0.145
0.141
0.140
0.142
0.139
0.134
0.136
0.129
0.129
0.127
0.127
0.121
0.124
0.115
0.119
0.118
0.114
0.117
0.116
0.114
0.108
0.109
0.105
0.100
0.096
0.091
0.092
0.084
0.073
0.071
0.064
0.062
0.064
0.067
0.063
0.068
0.068
0.068
0.064
0.061
0.057
0.050
0.044
0.043
0.044
0.052
0.046
0.042
0.044
0.044
0.038
0.045
0.046
0.043
0.039
0.031
0.018
0.023
0.024
0.022
0.023
0.021
0.033
0.031
0.034
0.034
0.044
0.034
0.034
0.028
0.026
0.014
0.021
0.022
0.031
0.028
0.034
0.040
0.042
0.042
0.049
0.053
0.053
0.054
0.061
0.061
0.064
0.066
0.064
0.065
0.070
0.068
0.073
0.075
0.079
0.081
0.088
0.097
0.092
0.096
0.100
0.096
0.101
0.099
0.108
0.107
0.110
0.109
0.116
0.121
0.128
0.136
0.140
0.146
0.145
0.155
0.151
0.145
0.145
0.145
0.145
0.152
0.161
0.161
0.167
0.167
0.171
0.167
0.168
0.171
0.170
0.168
0.173
0.170
0.171
0.172
0.173
0.177
0.176
0.184
0.188
0.197
0.192
0.194
0.187
0.183
0.178
0.171
0.169
0.174
0.173
0.176
0.179
0.184
0.183
0.177
0.175
0.170
0.169
0.164
0.159
0.150
0.152
0.154
0.148
0.149
0.145
0.148
0.141
0.142
0.142
0.139
0.137
0.138
0.136
0.134
0.131
0.126
0.121
0.118
0.116
0.117
0.118
0.120
0.117
0.116
0.114
0.112
0.105
0.104
0.107
0.098
0.103
0.093
0.083
0.080
0.072
0.068
0.066
0.064
0.070
0.071
0.066
0.067
0.058
0.058
0.051
0.051
0.046
0.046
0.046
0.045
0.038
0.042
0.041
0.040
0.044
0.043
0.048
0.046
0.045
0.040
0.033
0.026
0.026
0.023
0.025
0.021
0.028
0.033
0.034
0.040
0.041
0.040
0.037
0.038
0.030
0.025
0.021
0.019
0.026
0.029
0.034
0.038
0.040
0.043
0.039
0.045
0.050
0.056
0.064
0.060
0.062
0.067
0.068
0.065
0.070
0.070
0.074
0.073
0.080
0.075
0.083
0.084
0.089
0.091
0.093
0.092
0.102
0.103
0.109
0.103
0.111
0.106
0.118
0.121
0.126
0.135
0.139
0.147
0.151
0.150
0.150
0.154
0.148
0.144
0.150
0.154
0.155
0.162
0.161
0.171
0.173
0.178
0.180
0.181
0.181
0.173
0.179
0.178
0.171
0.175
0.175
0.172
0.169
0.173
0.186
0.188
0.194
0.194
0.196
0.189
0.179
0.177
0.177
0.175
0.176
0.177
0.179
0.189
0.185
0.184
0.177
0.177
0.173
0.175
0.166
0.166
0.166
0.161
0.159
0.152
0.149
0.146
0.152
0.149
0.147
0.144
0.148
0.141
0.144
0.137
0.134
0.127
0.129
0.124
0.127
0.120
0.125
0.121
0.124
0.121
0.117
0.118
0.115
0.113
0.104
0.101
0.101
0.094
0.087
0.083
0.072
0.068
0.065
0.065
0.059
0.061
0.063
0.063
0.059
0.065
0.058
0.051
0.052
0.046
0.046
0.039
0.044
0.039
0.040
0.041
0.042
0.042
0.041
0.042
0.040
0.036
0.029
0.024
0.018
0.018
0.017
0.020
0.023
0.024
0.027
0.030
0.031
0.034
0.029
0.036
0.031
0.025
0.022
0.019
0.019
0.020
0.027
0.028
0.037
0.039
0.041
0.045
0.045
0.049
0.055
0.051
0.057
0.051
0.062
0.064
0.064
0.068
0.073
0.075
0.079
0.081
0.084
0.091
0.089
0.093
0.085
0.090
0.092
0.095
0.096
0.096
0.102
0.102
0.113
0.109
0.120
0.121
0.134
0.134
0.142
0.144
0.143
0.145
0.141
0.147
0.145
0.146
0.147
0.148
0.151
0.156
0.158
0.167
0.169
0.167
0.173
0.164
0.167
0.170
0.168
0.167
0.164
0.165
0.173
0.173
0.185
0.187
0.189
0.192
0.185
0.186
0.183
0.180
0.173
0.173
0.168
0.170
0.175
0.179
0.186
0.179
0.173
0.176
0.173
0.171
0.162
0.160
0.152
0.149
0.151
0.149
0.142
0.145
0.137
0.142
0.134
0.137
0.138
0.133
0.128
0.135
0.134
0.130
0.122
0.128
0.122
0.118
0.117
0.111
0.119
0.118
0.120
0.110
0.113
0.113
0.109
0.103
0.099
0.096
0.087
0.083
0.073
0.065
0.064
0.067
0.064
0.068
0.065
0.062
0.066
0.068
0.062
0.057
0.052
0.049
0.049
0.044
0.047
0.049
0.051
0.046
0.051
0.050
0.048
0.054
0.049
0.046
0.043
0.035
0.030
0.024
0.025
0.021
0.024
0.027
0.028
0.043
0.043
0.045
0.042
0.041
0.035
0.033
0.036
0.025
0.030
0.025
0.027
0.030
0.038
0.038
0.049
0.048
0.053
0.056
0.057
0.058
0.062
0.063
0.066
0.064
0.062
0.066
0.068
0.073
0.072
0.070
0.080
0.081
0.090
0.084
0.087
0.091
0.091
0.095
0.102
0.103
0.097
0.105
0.112
0.116
0.122
0.125
0.131
0.136
0.143
0.145
0.145
0.148
0.149
0.153
0.148
0.152
0.149
0.160
0.158
0.161
0.169
0.171
0.167
0.168
0.169
0.172
0.175
0.173
0.173
0.174
0.173
0.170
0.169
0.169
0.172
0.179
0.188
0.187
0.195
0.192
0.189
0.186
0.177
0.168
0.170
0.168
0.168
0.175
0.171
0.180
0.182
0.180
0.176
0.176
0.173
0.167
0.158
0.161
0.155
0.160
0.149
0.145
0.150
0.144
0.142
0.140
0.137
0.135
0.133
0.136
0.130
0.127
0.129
0.122
0.123
0.117
0.118
0.113
0.112
0.111
0.110
0.107
0.104
0.111
0.105
0.107
0.101
0.101
0.097
0.089
0.078
0.071
0.064
0.070
0.062
0.065
0.058
0.067
0.064
0.068
0.061
0.064
0.060
0.051
0.046
0.047
0.038
0.041
0.033
0.037
0.037
0.039
0.038
0.041
0.042
0.043
0.039
0.037
0.033
0.032
0.023
0.019
0.015
0.024
0.021
0.028
0.031
0.035
0.039
0.036
0.031
0.029
0.027
0.025
0.022
0.025
0.022
0.027
0.025
0.027
0.040
0.041
0.048
0.048
0.048
0.052
0.053
0.053
0.055
0.059
0.056
0.062
0.066
0.066
0.066
0.072
0.068
0.080
0.080
0.084
0.081
0.088
0.084
0.087
0.091
0.095
0.099
0.098
0.096
0.103
0.110
0.114
0.119
0.133
0.138
0.140
0.144
0.147
0.146
0.143
0.140
0.145
0.145
0.145
0.153
0.157
0.162
0.171
0.168
0.170
0.174
0.171
0.168
0.173
0.173
0.170
0.171
0.172
0.167
0.173
0.172
0.181
0.183
0.190
0.193
0.195
0.191
0.188
0.185
0.178
0.176
0.175
0.174
0.174
0.177
0.183
0.182
0.178
0.180
0.179
0.170
0.173
0.168
0.163
0.158
0.153
0.150
0.143
0.139
0.142
0.137
0.138
0.135
0.137
0.138
0.136
0.134
0.131
0.131
0.126
0.118
0.121
0.114
0.109
0.105
0.110
0.110
0.106
0.106
0.107
0.109
0.101
0.102
0.098
0.094
0.088
0.081
0.073
0.068
0.066
0.061
0.059
0.063
0.062
0.062
0.063
0.057
0.059
0.052
0.051
0.048
0.046
0.043
0.041
0.039
0.037
0.036
0.036
0.039
0.038
0.039
0.040
0.042
0.038
0.033
0.022
0.019
0.013
0.020
0.018
0.028
0.026
0.025
0.031
0.033
0.033
0.030
0.027
0.030
0.017
0.021
0.018
0.019
0.023
0.023
0.028
0.032
0.034
0.034
0.047
0.046
0.049
0.049
0.058
0.058
0.058
0.056
0.062
0.065
0.060
0.069
0.063
0.071
0.067
0.076
0.078
0.081
0.088
0.087
0.088
0.093
0.096
0.094
0.094
0.098
0.097
0.105
0.109
0.111
0.118
0.125
0.135
0.137
0.141
0.143
0.140
0.145
0.139
0.144
0.146
0.149
0.150
0.155
0.158
0.158
0.158
0.161
0.163
0.169
0.167
0.164
0.167
0.167
0.161
0.163
0.169
0.170
0.179
0.183
0.181
0.189
0.187
0.185
0.181
0.183
0.179
0.174
0.171
0.173
0.173
0.175
0.170
0.176
0.171
0.174
0.166
0.167
0.167
0.158
0.161
0.154
0.153
0.151
0.148
0.145
0.142
0.140
0.137
0.134
0.135
0.128
0.124
0.127
0.124
0.125
0.122
0.114
0.119
0.114
0.112
0.113
0.116
0.115
0.114
0.114
0.108
0.103
0.099
0.097
0.096
0.094
0.091
0.086
0.080
0.072
0.065
0.060
0.058
0.056
0.062
0.065
0.060
0.056
0.058
0.055
0.050
0.042
0.038
0.038
0.037
0.041
0.039
0.035
0.038
0.037
0.036
0.039
0.038
0.039
0.038
0.038
0.035
0.024
0.019
0.017
0.019
0.018
0.021
0.025
0.034
0.039
0.042
0.039
0.035
0.032
0.031
0.025
0.021
0.022
0.020
0.020
0.022
0.023
0.029
0.040
0.042
0.042
0.049
0.046
0.054
0.053
0.054
0.055
0.060
0.060
0.061
0.059
0.067
0.064
0.068
0.074
0.075
0.077
0.083
0.084
0.090
0.094
0.094
0.094
0.104
0.103
0.103
0.109
0.113
0.113
0.121
0.123
0.135
0.140
0.145
0.139
0.145
0.146
0.149
0.144
0.147
0.142
0.143
0.152
0.153
0.156
0.165
0.163
0.161
0.168
0.167
0.167
0.171
0.167
0.168
0.166
0.162
0.167
0.167
0.176
0.175
0.187
0.186
0.188
0.183
0.183
0.173
0.178
0.167
0.162
0.167
0.169
0.175
0.179
0.176
0.171
0.168
0.171
0.174
0.167
0.161
0.153
0.150
0.152
0.148
0.147
0.141
0.142
0.141
0.142
0.137
0.138
0.133
0.130
0.128
0.130
0.125
0.125
0.122
0.121
0.119
0.116
0.113
0.114
0.109
0.115
0.109
0.105
0.105
0.101
0.101
0.100
0.095
0.094
0.085
0.080
0.071
0.066
0.061
0.060
0.064
0.064
0.063
0.061
0.062
0.057
0.057
0.060
0.052
0.041
0.047
0.044
0.044
0.040
0.040
0.039
0.037
0.044
0.046
0.044
0.047
0.040
0.034
0.029
0.023
0.026
0.016
0.023
0.022
0.027
0.025
0.033
0.033
0.037
0.035
0.031
0.033
0.027
0.022
0.022
0.012
0.016
0.025
0.028
0.024
0.027
0.035
0.037
0.046
0.045
0.051
0.056
0.062
0.063
0.060
0.058
0.063
0.065
0.071
0.071
0.073
0.074
0.078
0.082
0.087
0.088
0.093
0.088
0.083
0.092
0.095
0.096
0.099
0.104
0.111
0.115
0.113
0.122
0.132
0.136
0.139
0.146
0.144
0.141
0.140
0.148
0.144
0.146
0.148
0.154
0.156
0.156
0.161
0.164
0.167
0.167
0.167
0.168
0.163
0.163
0.167
0.168
0.170
0.163
0.170
0.165
0.178
0.179
0.184
0.189
0.191
0.188
0.185
0.177
0.171
0.173
0.171
0.176
0.172
0.181
0.182
0.181
0.181
0.180
0.175
0.168
0.167
0.162
0.161
0.153
0.157
0.151
0.149
0.141
0.144
0.138
0.138
0.131
0.131
0.131
0.132
0.135
0.136
0.126
0.128
0.116
0.119
0.121
0.116
0.121
0.118
0.117
0.112
0.109
0.108
0.109
0.105
0.104
0.101
0.090
0.088
0.088
0.079
0.077
0.069
0.068
0.067
0.066
0.066
0.069
0.065
0.065
0.064
0.060
0.058
0.053
0.046
0.044
0.042
0.049
0.045
0.047
0.039
0.046
0.044
0.044
0.037
0.044
0.037
0.035
0.025
0.026
0.017
0.022
0.020
0.025
0.030
0.036
0.039
0.040
0.037
0.039
0.035
0.025
0.027
0.023
0.018
0.021
0.022
0.022
0.031
0.036
0.034
0.040
0.044
0.050
0.051
0.054
0.053
0.061
0.057
0.061
0.061
0.064
0.064
0.072
0.074
0.074
0.075
0.084
0.086
0.087
0.088
0.087
0.094
0.096
0.100
0.103
0.104
0.107
0.110
0.109
0.115
0.114
0.127
0.136
0.143
0.144
0.148
0.153
0.149
0.152
0.145
0.154
0.152
0.150
0.156
0.159
0.164
0.171
0.172
0.169
0.172
0.173
0.173
0.173
0.171
0.170
0.170
0.169
0.172
0.173
0.177
0.184
0.193
0.195
0.197
0.195
0.195
0.186
0.181
0.177
0.173
0.174
0.173
0.178
0.184
0.180
0.186
0.184
0.186
0.173
0.169
0.164
0.162
0.158
0.157
0.146
0.148
0.146
0.144
0.142
0.136
0.139
0.139
0.139
0.140
0.134
0.130
0.133
0.133
0.127
0.125
0.120
0.116
0.114
0.114
0.111
0.114
0.109
0.109
0.107
0.107
0.100
0.098
0.089
0.089
0.083
0.076
0.064
0.067
0.057
0.056
0.058
0.062
0.057
0.058
0.058
0.063
0.054
0.052
0.044
0.043
0.037
0.037
0.036
0.040
0.040
0.040
0.034
0.036
0.037
0.039
0.036
0.042
0.031
0.029
0.027
0.024
0.020
0.017
0.017
0.022
0.025
0.031
0.032
0.034
0.037
0.036
0.030
0.030
0.022
0.026
0.026
0.022
0.026
0.025
0.028
0.033
0.037
0.043
0.045
0.043
0.039
0.052
0.049
0.058
0.061
0.062
0.056
0.067
0.066
0.075
0.075
0.077
0.082
0.084
0.087
0.088
0.089
0.088
0.094
0.094
0.094
0.099
0.101
0.101
0.106
0.112
0.114
0.118
0.125
0.136
0.140
0.141
0.150
0.150
0.149
0.148
0.148
0.149
0.150
0.149
0.153
0.161
0.164
0.171
0.172
0.164
0.173
0.173
0.171
0.173
0.173
0.171
0.173
0.168
0.168
0.172
0.180
0.187
0.186
0.188
0.194
0.193
0.191
0.189
0.180
0.176
0.178
0.179
0.177
0.180
0.181
0.181
0.183
0.180
0.174
0.173
0.169
0.163
0.163
0.156
0.156
0.151
0.150
0.149
0.139
0.138
0.138
0.143
0.141
0.142
0.140
0.134
0.127
0.138
0.132
0.132
0.124
0.123
0.120
0.117
0.117
0.116
0.113
0.110
0.107
0.111
0.110
0.108
0.102
0.097
0.088
0.083
0.073
0.070
0.062
0.064
0.060
0.060
0.066
0.066
0.064
0.069
0.062
0.059
0.048
0.052
0.047
0.045
0.040
0.047
0.042
0.038
0.044
0.040
0.043
0.039
0.041
0.042
0.043
0.040
0.035
0.027
0.020
0.022
0.021
0.025
0.026
0.031
0.032
0.039
0.039
0.040
0.042
0.039
0.032
0.031
0.022
0.024
0.030
0.033
0.033
0.036
0.038
0.043
0.045
0.047
0.058
0.054
0.059
0.061
0.059
0.064
0.063
0.063
0.067
0.069
0.068
0.075
0.082
0.081
0.090
0.091
0.089
0.092
0.089
0.095
0.097
0.095
0.099
0.096
0.101
0.105
0.117
0.113
0.125
0.132
0.141
0.147
0.150
0.152
0.151
0.151
0.148
0.143
0.153
0.154
0.154
0.155
0.165
0.166
0.173
0.165
0.173
0.171
0.171
0.180
0.177
0.176
0.172
0.173
0.169
0.172
0.172
0.180
0.184
0.191
0.193
0.191
0.190
0.188
0.181
0.176
0.177
0.173
0.172
0.174
0.175
0.173
0.175
0.175
0.171
0.171
0.172
0.166
0.157
0.160
0.154
0.153
0.147
0.147
0.139
0.142
0.138
0.140
0.134
0.135
0.134
0.134
0.129
0.132
0.126
0.125
0.120
0.123
0.119
0.125
0.117
0.113
0.115
0.117
0.104
0.106
0.103
0.102
0.101
0.099
0.093
0.087
0.086
0.074
0.066
0.065
0.058
0.063
0.062
0.068
0.065
0.065
0.060
0.060
0.054
0.052
0.050
0.046
0.041
0.032
0.041
0.038
0.038
0.031
0.032
0.034
0.035
0.039
0.034
0.040
0.031
0.028
0.017
0.019
0.018
0.023
0.019
0.027
0.025
0.035
0.031
0.039
0.033
0.035
0.033
0.031
0.019
0.019
0.017
0.026
0.030
0.035
0.038
0.038
0.038
0.044
0.052
0.054
0.054
0.056
0.056
0.056
0.062
0.058
0.061
0.062
0.068
0.071
0.076
0.078
0.077
0.082
0.085
0.093
0.090
0.089
0.094
0.098
0.100
0.103
0.103
0.101
0.106
0.110
0.114
0.124
0.131
0.135
0.143
0.147
0.146
0.145
0.150
0.143
0.143
0.148
0.146
0.150
0.157
0.159
0.169
0.167
0.169
0.167
0.173
0.168
0.179
0.172
0.177
0.172
0.174
0.173
0.172
0.175
0.180
0.184
0.188
0.186
0.189
0.186
0.183
0.181
0.181
0.176
0.178
0.174
0.171
0.181
0.180
0.182
0.177
0.180
0.174
0.169
0.166
0.165
0.157
0.157
0.151
0.149
0.146
0.146
0.142
0.142
0.143
0.142
0.137
0.136
0.132
0.137
0.129
0.126
0.126
0.126
0.116
0.116
0.113
0.113
0.110
0.113
0.105
0.104
0.102
0.097
0.085
0.092
0.084
0.079
0.080
0.072
0.066
0.065
0.056
0.056
0.055
0.054
0.054
0.056
0.064
0.058
0.055
0.043
0.047
0.043
0.039
0.038
0.034
0.037
0.033
0.030
0.036
0.031
0.031
0.035
0.031
0.032
0.028
0.020
0.016
0.016
0.012
0.011
0.015
0.016
0.023
0.027
0.031
0.033
0.031
0.026
0.032
0.017
0.017
0.013
0.015
0.009
0.012
0.019
0.015
0.023
0.028
0.032
0.036
0.038
0.042
0.043
0.048
0.050
0.053
0.055
0.054
0.060
0.056
0.059
0.062
0.064
0.071
0.071
0.082
0.081
0.083
0.084
0.083
0.085
0.088
0.097
0.095
0.102
0.103
0.105
0.104
0.114
0.123
0.137
0.142
0.144
0.145
0.145
0.141
0.142
0.143
0.146
0.144
0.143
0.149
0.153
0.164
0.164
0.164
0.166
0.167
0.166
0.172
0.165
0.166
0.169
0.167
0.165
0.165
0.168
0.171
0.176
0.179
0.177
0.183
0.181
0.181
0.179
0.176
0.176
0.171
0.169
0.169
0.178
0.178
0.177
0.174
0.171
0.170
0.168
0.163
0.164
0.159
0.152
0.150
0.147
0.147
0.140
0.142
0.140
0.142
0.135
0.138
0.133
0.137
0.137
0.131
0.125
0.125
0.118
0.120
0.121
0.116
0.111
0.110
0.108
0.109
0.107
0.105
0.101
0.100
0.096
0.098
0.092
0.092
0.084
0.075
0.078
0.068
0.064
0.065
0.058
0.057
0.065
0.061
0.063
0.060
0.056
0.052
0.047
0.045
0.040
0.041
0.043
0.036
0.036
0.040
0.036
0.039
0.042
0.044
0.040
0.041
0.041
0.031
0.027
0.020
0.018
0.020
0.024
0.025
0.038
0.030
0.038
0.041
0.043
0.043
0.042
0.030
0.029
0.022
0.024
0.024
0.024
0.032
0.033
0.040
0.041
0.049
0.046
0.054
0.052
0.059
0.058
0.058
0.060
0.064
0.066
0.072
0.075
0.066
0.069
0.069
0.075
0.081
0.089
0.090
0.095
0.091
0.092
0.095
0.097
0.099
0.107
0.107
0.108
0.109
0.114
0.118
0.131
0.139
0.140
0.146
0.149
0.143
0.141
0.140
0.141
0.149
0.151
0.158
0.160
0.159
0.164
0.169
0.171
0.173
0.176
0.173
0.175
0.174
0.170
0.170
0.170
0.174
0.173
0.179
0.181
0.186
0.191
0.190
0.195
0.191
0.188
0.181
0.180
0.173
0.177
0.176
0.181
0.180
0.187
0.186
0.181
0.176
0.176
0.170
0.170
0.165
0.162
0.160
0.158
0.156
0.154
0.151
0.145
0.149
0.149
0.143
0.141
0.142
0.136
0.137
0.130
0.126
0.127
0.123
0.124
0.123
0.116
0.109
0.111
0.113
0.112
0.107
0.104
0.107
0.106
0.099
0.097
0.092
0.092
0.075
0.070
0.061
0.059
0.064
0.059
0.061
0.061
0.067
0.062
0.058
0.061
0.054
0.051
0.053
0.043
0.040
0.043
0.044
0.036
0.040
0.040
0.039
0.037
0.034
0.037
0.037
0.029
0.028
0.021
0.015
0.012
0.014
0.010
0.016
0.017
0.024
0.024
0.033
0.031
0.030
0.032
0.032
0.020
0.024
0.015
0.021
0.018
0.023
0.027
0.034
0.038
0.043
0.047
0.048
0.051
0.052
0.052
0.058
0.064
0.065
0.067
0.065
0.067
0.065
0.067
0.073
0.075
0.077
0.079
0.084
0.086
0.093
0.094
0.093
0.098
0.097
0.097
0.098
0.105
0.107
0.110
0.115
0.120
0.129
0.133
0.142
0.144
0.150
0.144
0.143
0.141
0.144
0.140
0.146
0.143
0.151
0.150
0.160
0.162
0.167
0.160
0.165
0.155
0.161
0.166
0.167
0.163
0.164
0.165
0.171
0.168
0.174
0.180
0.177
0.186
0.177
0.181
0.177
0.169
0.174
0.168
0.168
0.172
0.169
0.173
0.177
0.173
0.172
0.170
0.169
0.162
0.160
0.162
0.155
0.152
0.147
0.148
0.146
0.146
0.135
0.140
0.135
0.139
0.136
0.130
0.128
0.130
0.126
0.128
0.127
0.118
0.119
0.115
0.114
0.111
0.109
0.113
0.113
0.108
0.104
0.104
0.103
0.100
0.094
0.086
0.089
0.080
0.074
0.063
0.062
0.060
0.060
0.062
0.064
0.064
0.063
0.063
0.060
0.054
0.049
0.043
0.044
0.033
0.039
0.039
0.038
0.043
0.044
0.046
0.042
0.045
0.042
0.035
0.034
0.022
0.024
0.020
0.022
0.024
0.024
0.024
0.027
0.034
0.033
0.034
0.039
0.037
0.034
0.035
0.024
0.019
0.021
0.017
0.019
0.026
0.027
0.035
0.037
0.036
0.042
0.048
0.047
0.051
0.058
0.059
0.062
0.061
0.066
0.072
0.069
0.072
0.071
0.072
0.077
0.081
0.082
0.079
0.088
0.086
0.087
0.092
0.094
0.100
0.101
0.102
0.103
0.106
0.112
0.118
0.122
0.132
0.138
0.139
0.142
0.142
0.144
0.148
0.144
0.145
0.146
0.151
0.155
0.161
0.163
0.168
0.168
0.170
0.169
0.169
0.172
0.167
0.172
0.167
0.166
0.169
0.171
0.169
0.176
0.182
0.192
0.194
0.197
0.192
0.188
0.185
0.182
0.175
0.179
0.178
0.174
0.182
0.177
0.178
0.179
0.182
0.180
0.176
0.168
0.160
0.159
0.160
0.152
0.154
0.148
0.145
0.140
0.138
0.138
0.143
0.134
0.132
0.130
0.132
0.128
0.130
0.127
0.124
0.121
0.123
0.119
0.113
0.109
0.110
0.108
0.110
0.106
0.106
0.100
0.104
0.101
0.100
0.085
0.083
0.071
0.071
0.067
0.066
0.057
0.058
0.063
0.057
0.063
0.057
0.063
0.055
0.054
0.047
0.046
0.045
0.039
0.039
0.036
0.038
0.041
0.037
0.035
0.034
0.034
0.038
0.039
0.037
0.028
0.024
0.020
0.020
0.017
0.014
0.026
0.029
0.025
0.036
0.034
0.034
0.032
0.031
0.026
0.025
0.023
0.024
0.022
0.026
0.027
0.033
0.033
0.039
0.041
0.044
0.041
0.051
0.049
0.056
0.057
0.069
0.066
0.066
0.067
0.066
0.073
0.073
0.077
0.079
0.087
0.078
0.086
0.092
0.093
0.094
0.094
0.097
0.099
0.108
0.106
0.110
0.117
0.123
0.128
0.130
0.135
0.137
0.141
0.147
0.145
0.143
0.144
0.139
0.149
0.152
0.154
0.159
0.160
0.166
0.165
0.168
0.168
0.173
0.176
0.171
0.177
0.174
0.176
0.174
0.176
0.172
0.178
0.179
0.186
0.192
0.196
0.195
0.192
0.189
0.190
0.189
0.180
0.174
0.177
0.182
0.178
0.187
0.186
0.185
0.182
0.178
0.176
0.174
0.167
0.166
0.161
0.155
0.152
0.145
0.145
0.139
0.141
0.140
0.141
0.136
0.140
0.134
0.134
0.132
0.127
0.121
0.115
0.118
0.112
0.109
0.101
0.109
0.113
0.109
0.112
0.106
0.102
0.101
0.100
0.099
0.095
0.086
0.076
0.073
0.068
0.065
0.063
0.061
0.061
0.062
0.061
0.059
0.057
0.054
0.050
0.047
0.045
0.044
0.036
0.034
0.035
0.036
0.035
0.033
0.035
0.037
0.034
0.031
0.036
0.028
0.029
0.022
0.021
0.013
0.013
0.020
0.017
0.022
0.026
0.030
0.033
0.031
0.030
0.028
0.025
0.017
0.012
0.018
0.015
0.017
0.022
0.031
0.033
0.039
0.040
0.049
0.050
0.052
0.052
0.054
0.054
0.054
0.054
0.059
0.061
0.064
0.065
0.070
0.071
0.074
0.082
0.078
0.087
0.086
0.085
0.091
0.090
0.091
0.091
0.094
0.102
0.106
0.105
0.110
0.116
0.123
0.130
0.136
0.138
0.143
0.143
0.145
0.143
0.143
0.141
0.141
0.142
0.150
0.153
0.160
0.161
0.163
0.171
0.172
0.168
0.175
0.176
0.172
0.165
0.170
0.166
0.173
0.167
0.177
0.182
0.187
0.189
0.197
0.190
0.189
0.180
0.174
0.171
0.171
0.177
0.178
0.174
0.175
0.179
0.178
0.179
0.177
0.176
0.175
0.173
0.172
0.164
0.161
0.149
0.153
0.152
0.141
0.139
0.142
0.134
0.138
0.134
0.133
0.135
0.130
0.133
0.128
0.131
0.122
0.121
0.118
0.122
0.119
0.114
0.113
0.109
0.112
0.103
0.108
0.107
0.103
0.097
0.098
0.086
0.085
0.076
0.073
0.072
0.064
0.065
0.068
0.069
0.065
0.064
0.064
0.064
0.054
0.052
0.046
0.043
0.041
0.039
0.046
0.043
0.038
0.037
0.038
0.038
0.041
0.039
0.040
0.038
0.031
0.030
0.027
0.033
0.024
0.027
0.035
0.035
0.037
0.041
0.045
0.045
0.041
0.038
0.032
0.026
0.017
0.020
0.020
0.022
0.025
0.034
0.035
0.037
0.040
0.052
0.051
0.052
0.057
0.061
0.060
0.059
0.064
0.065
0.068
0.072
0.072
0.071
0.072
0.075
0.083
0.085
0.089
0.096
0.092
0.092
0.096
0.102
0.109
0.108
0.108
0.107
0.116
0.119
0.127
0.132
0.141
0.147
0.151
0.152
0.151
0.147
0.146
0.144
0.148
0.151
0.154
0.159
0.167
0.167
0.169
0.174
0.175
0.170
0.170
0.169
0.175
0.170
0.168
0.165
0.170
0.171
0.175
0.181
0.192
0.192
0.194
0.192
0.194
0.187
0.180
0.178
0.178
0.173
0.173
0.173
0.176
0.178
0.180
0.179
0.174
0.174
0.176
0.167
0.165
0.164
0.157
0.157
0.150
0.146
0.151
0.146
0.142
0.141
0.143
0.133
0.128
0.134
0.127
0.129
0.124
0.125
0.123
0.120
0.116
0.117
0.114
0.115
0.111
0.113
0.109
0.103
0.105
0.104
0.099
0.098
0.095
0.086
0.084
0.075
0.068
0.061
0.058
0.055
0.062
0.070
0.063
0.064
0.064
0.060
0.055
0.053
0.048
0.042
0.042
0.036
0.036
0.047
0.037
0.037
0.040
0.036
0.036
0.033
0.033
0.034
0.025
0.020
0.017
0.016
0.011
0.018
0.015
0.022
0.022
0.032
0.029
0.028
0.031
0.026
0.021
0.020
0.010
0.013
0.006
0.016
0.017
0.027
0.029
0.028
0.034
0.039
0.042
0.045
0.057
0.055
0.058
0.058
0.058
0.063
0.064
0.062
0.062
0.067
0.065
0.069
0.074
0.077
0.081
0.088
0.084
0.093
0.091
0.094
0.096
0.098
0.097
0.101
0.106
0.113
0.112
0.124
0.126
0.143
0.145
0.155
0.145
0.156
0.148
0.148
0.143
0.148
0.145
0.155
0.156
0.164
0.163
0.174
0.171
0.175
0.171
0.176
0.170
0.177
0.170
0.171
0.173
0.171
0.181
0.174
0.183
0.187
0.188
0.195
0.196
0.198
0.193
0.192
0.184
0.178
0.178
0.179
0.179
0.190
0.180
0.185
0.188
0.182
0.175
0.174
0.169
0.165
0.155
0.158
0.154
0.150
0.153
0.145
0.147
0.142
0.142
0.144
0.147
0.139
0.138
0.137
0.136
0.127
0.125
0.121
0.125
0.122
0.118
0.118
0.116
0.117
0.117
0.115
0.109
0.109
0.104
0.108
0.104
0.101
0.092
0.088
0.077
0.075
0.068
0.066
0.065
0.067
0.065
0.067
0.061
0.061
0.057
0.055
0.050
0.052
0.043
0.036
0.036
0.039
0.039
0.044
0.039
0.041
0.041
0.041
0.042
0.036
0.044
0.036
0.032
0.030
0.019
0.020
0.021
0.018
0.034
0.038
0.042
0.039
0.046
0.042
0.042
0.030
0.028
0.027
0.022
0.023
0.026
0.027
0.030
0.041
0.040
0.041
0.046
0.042
0.047
0.059
0.054
0.059
0.058
0.064
0.058
0.063
0.063
0.067
0.071
0.071
0.071
0.081
0.081
0.082
0.083
0.082
0.087
0.089
0.094
0.094
0.104
0.101
0.108
0.106
0.111
0.118
0.119
0.126
0.134
0.141
0.143
0.144
0.154
0.149
0.146
0.146
0.152
0.150
0.154
0.157
0.160
0.162
0.168
0.172
0.171
0.172
0.173
0.167
0.168
0.172
0.173
0.166
0.169
0.174
0.176
0.186
0.191
0.192
0.195
0.191
0.191
0.184
0.184
0.180
0.178
0.179
0.182
0.179
0.181
0.186
0.187
0.182
0.181
0.178
0.174
0.170
0.166
0.162
0.156
0.155
0.155
0.151
0.150
0.147
0.144
0.141
0.140
0.140
0.133
0.132
0.127
0.132
0.131
0.124
0.124
0.117
0.119
0.118
0.116
0.116
0.116
0.112
0.111
0.112
0.105
0.105
0.100
0.103
0.096
0.091
0.081
0.072
0.071
0.070
0.071
0.066
0.068
0.065
0.069
0.063
0.065
0.062
0.058
0.057
0.053
0.047
0.043
0.045
0.045
0.040
0.043
0.045
0.048
0.043
0.043
0.039
0.039
0.033
0.029
0.024
0.021
0.021
0.022
0.021
0.023
0.031
0.034
0.042
0.043
0.044
0.045
0.041
0.035
0.026
0.026
0.026
0.017
0.028
0.027
0.029
0.041
0.036
0.046
0.045
0.052
0.056
0.067
0.065
0.064
0.069
0.071
0.066
0.072
0.075
0.074
0.072
0.074
0.078
0.086
0.085
0.087
0.091
0.088
0.093
0.092
0.099
0.102
0.109
0.111
0.111
0.118
0.123
0.127
0.130
0.139
0.154
0.146
0.155
0.147
0.155
0.152
0.149
0.149
0.153
0.153
0.160
0.161
0.166
0.175
0.170
0.175
0.177
0.173
0.172
0.168
0.166
0.171
0.169
0.172
0.172
0.179
0.183
0.185
0.190
0.196
0.191
0.191
0.181
0.181
0.177
0.177
0.181
0.171
0.178
0.169
0.180
0.180
0.183
0.179
0.172
0.165
0.161
0.155
0.156
0.153
0.151
0.150
0.150
0.147
0.141
0.139
0.137
0.139
0.139
0.135
0.140
0.134
0.134
0.134
0.132
0.126
0.125
0.125
0.123
0.119
0.118
0.110
0.120
0.112
0.110
0.106
0.108
0.101
0.104
0.093
0.094
0.086
0.077
0.073
0.070
0.065
0.065
0.062
0.068
0.065
0.066
0.063
0.064
0.058
0.054
0.049
0.047
0.041
0.044
0.042
0.042
0.040
0.045
0.042
0.041
0.041
0.043
0.038
0.041
0.036
0.036
0.029
0.027
0.027
0.020
0.021
0.026
0.032
0.031
0.040
0.042
0.040
0.038
0.033
0.036
0.025
0.024
0.021
0.023
0.026
0.032
0.034
0.032
0.036
0.043
0.045
0.046
0.051
0.057
0.063
0.065
0.063
0.070
0.064
0.068
0.066
0.068
0.073
0.077
0.078
0.079
0.084
0.089
0.089
0.092
0.095
0.095
0.102
0.105
0.104
0.111
0.112
0.114
0.116
0.127
0.134
0.145
0.150
0.149
0.152
0.149
0.147
0.149
0.152
0.151
0.147
0.151
0.162
0.164
0.174
0.171
0.175
0.174
0.175
0.166
0.173
0.170
0.172
0.170
0.168
0.170
0.168
0.177
0.180
0.187
0.191
0.193
0.191
0.188
0.182
0.179
0.178
0.175
0.170
0.170
0.174
0.172
0.179
0.178
0.173
0.176
0.168
0.168
0.165
0.161
0.159
0.151
0.146
0.153
0.144
0.146
0.144
0.147
0.139
0.142
0.137
0.138
0.134
0.130
0.130
0.131
0.126
0.128
0.123
0.121
0.121
0.117
0.118
0.114
0.115
0.114
0.112
0.111
0.107
0.104
0.105
0.099
0.092
0.080
0.076
0.068
0.071
0.067
0.063
0.064
0.069
0.068
0.068
0.064
0.066
0.059
0.058
0.053
0.052
0.048
0.052
0.049
0.053
0.044
0.053
0.049
0.050
0.048
0.053
0.048
0.046
0.038
0.038
0.030
0.031
0.027
0.027
0.031
0.032
0.036
0.040
0.046
0.045
0.044
0.041
0.037
0.033
0.033
0.027
0.024
0.028
0.032
0.037
0.041
0.043
0.043
0.045
0.050
0.056
0.057
0.060
0.061
0.065
0.063
0.065
0.064
0.070
0.069
0.076
0.075
0.076
0.078
0.088
0.087
0.097
0.091
0.094
0.093
0.095
0.096
0.102
0.100
0.103
0.105
0.114
0.117
0.123
0.130
0.140
0.143
0.147
0.146
0.154
0.147
0.142
0.147
0.144
0.149
0.146
0.153
0.162
0.163
0.168
0.167
0.167
0.165
0.165
0.163
0.164
0.166
0.165
0.166
0.164
0.166
0.171
0.172
0.178
0.182
0.181
0.179
0.179
0.174
0.172
0.166
0.167
0.163
0.158
0.161
0.170
0.176
0.170
0.171
0.167
0.164
0.163
0.159
0.152
0.146
0.149
0.147
0.142
0.140
0.137
0.133
0.133
0.138
0.130
0.129
0.129
0.125
0.122
0.123
0.120
0.120
0.115
0.111
0.113
0.114
0.114
0.120
0.110
0.116
0.106
0.110
0.102
0.107
0.098
0.089
0.088
0.087
0.073
0.068
0.064
0.059
0.057
0.059
0.057
0.062
0.062
0.062
0.063
0.061
0.058
0.051
0.044
0.040
0.037
0.042
0.040
0.044
0.046
0.041
0.047
0.045
0.042
0.041
0.043
0.041
0.036
0.032
0.024
0.024
0.022
0.024
0.025
0.036
0.035
0.040
0.040
0.045
0.039
0.041
0.031
0.026
0.020
0.022
0.022
0.028
0.034
0.038
0.038
0.036
0.043
0.043
0.047
0.057
0.053
0.064
0.063
0.062
0.069
0.069
0.067
0.073
0.075
0.081
0.078
0.084
0.080
0.086
0.086
0.087
0.089
0.094
0.095
0.095
0.100
0.107
0.105
0.105
0.109
0.118
0.124
0.131
0.137
0.145
0.144
0.144
0.144
0.149
0.153
0.148
0.148
0.149
0.144
0.153
0.157
0.166
0.168
0.169
0.174
0.175
0.171
0.168
0.167
0.166
0.167
0.170
0.168
0.170
0.172
0.178
0.179
0.188
0.185
0.194
0.187
0.189
0.186
0.175
0.177
0.177
0.176
0.177
0.178
0.175
0.180
0.181
0.177
0.172
0.171
0.164
0.158
0.158
0.152
0.150
0.148
0.145
0.148
0.147
0.143
0.142
0.138
0.137
0.137
0.144
0.132
0.133
0.128
0.126
0.124
0.128
0.124
0.121
0.122
0.124
0.120
0.118
0.115
0.118
0.110
0.105
0.104
0.100
0.101
0.100
0.092
0.081
0.082
0.075
0.073
0.066
0.072
0.065
0.071
0.065
0.067
0.069
0.061
0.056
0.050
0.049
0.044
0.044
0.047
0.048
0.047
0.044
0.046
0.046
0.052
0.043
0.047
0.041
0.038
0.029
0.025
0.022
0.022
0.020
0.021
0.029
0.027
0.031
0.039
0.036
0.038
0.036
0.037
0.032
0.023
0.019
0.025
0.028
0.025
0.030
0.034
0.033
0.041
0.049
0.049
0.049
0.054
0.054
0.061
0.060
0.063
0.064
0.069
0.065
0.071
0.071
0.077
0.075
0.081
0.082
0.085
0.088
0.088
0.092
0.090
0.097
0.098
0.103
0.108
0.108
0.115
0.116
0.122
0.123
0.136
0.140
0.140
0.148
0.151
0.149
0.143
0.145
0.141
0.147
0.148
0.155
0.160
0.159
0.164
0.161
0.172
0.171
0.171
0.170
0.168
0.169
0.172
0.174
0.170
0.168
0.170
0.174
0.182
0.184
0.183
0.189
0.184
0.184
0.183
0.179
0.177
0.167
0.169
0.171
0.176
0.172
0.175
0.172
0.172
0.167
0.163
0.159
0.161
0.155
0.150
0.147
0.143
0.140
0.143
0.141
0.138
0.136
0.134
0.135
0.133
0.131
0.131
0.127
0.128
0.116
0.121
0.121
0.115
0.116
0.114
0.112
0.110
0.104
0.107
0.104
0.102
0.097
0.102
0.097
0.094
0.092
0.081
0.079
0.073
0.063
0.059
0.060
0.052
0.058
0.056
0.056
0.049
0.054
0.050
0.052
0.037
0.037
0.035
0.039
0.038
0.041
0.036
0.040
0.031
0.032
0.031
0.039
0.039
0.039
0.030
0.026
0.022
0.022
0.016
0.019
0.015
0.018
0.025
0.027
0.031
0.032
0.036
0.036
0.035
0.032
0.026
0.017
0.012
0.014
0.015
0.024
0.029
0.028
0.036
0.039
0.042
0.048
0.052
0.055
0.057
0.057
0.061
0.062
0.068
0.067
0.068
0.069
0.075
0.076
0.077
0.080
0.082
0.090
0.092
0.092
0.095
0.093
0.096
0.096
0.101
0.102
0.103
0.108
0.113
0.110
0.123
0.131
0.139
0.141
0.145
0.147
0.143
0.140
0.137
0.137
0.145
0.147
0.153
0.152
0.157
0.157
0.165
0.168
0.164
0.166
0.163
0.163
0.165
0.168
0.167
0.164
0.170
0.173
0.175
0.183
0.185
0.190
0.187
0.182
0.184
0.182
0.176
0.172
0.169
0.166
0.169
0.170
0.172
0.176
0.176
0.172
0.175
0.169
0.170
0.160
0.158
0.151
0.148
0.145
0.145
0.146
0.144
0.138
0.139
0.141
0.137
0.135
0.130
0.129
0.128
0.130
0.127
0.119
0.122
0.114
0.113
0.115
0.112
0.110
0.115
0.112
0.109
0.103
0.109
0.106
0.102
0.095
0.091
0.086
0.079
0.066
0.068
0.063
0.058
0.058
0.057
0.061
0.061
0.060
0.057
0.057
0.053
0.049
0.047
0.044
0.038
0.036
0.037
0.042
0.045
0.038
0.034
0.039
0.046
0.041
0.038
0.034
0.030
0.029
0.022
0.022
0.021
0.015
0.022
0.027
0.026
0.033
0.033
0.028
0.032
0.034
0.028
0.022
0.020
0.018
0.020
0.024
0.023
0.034
0.036
0.044
0.046
0.047
0.048
0.051
0.053
0.059
0.057
0.061
0.059
0.060
0.062
0.071
0.069
0.072
0.074
0.078
0.080
0.081
0.083
0.086
0.089
0.087
0.091
0.092
0.096
0.100
0.104
0.104
0.116
0.117
0.129
0.126
0.141
0.142
0.148
0.147
0.154
0.144
0.143
0.143
0.149
0.140
0.149
0.150
0.150
0.157
0.162
0.167
0.171
0.171
0.171
0.171
0.172
0.172
0.173
0.175
0.171
0.171
0.170
0.174
0.180
0.191
0.191
0.194
0.195
0.186
0.186
0.180
0.181
0.179
0.181
0.179
0.183
0.180
0.185
0.183
0.181
0.176
0.175
0.171
0.165
0.161
0.156
0.159
0.156
0.148
0.147
0.146
0.147
0.150
0.153
0.149
0.144
0.139
0.142
0.136
0.137
0.131
0.132
0.127
0.125
0.117
0.118
0.116
0.117
0.118
0.116
0.112
0.111
0.105
0.102
0.100
0.090
0.092
0.091
0.081
0.072
0.068
0.058
0.061
0.061
0.063
0.067
0.060
0.067
0.061
0.058
0.053
0.050
0.045
0.045
0.044
0.046
0.048
0.043
0.044
0.045
0.047
0.041
0.048
0.042
0.046
0.040
0.030
0.029
0.027
0.021
0.022
0.021
0.033
0.030
0.035
0.035
0.034
0.038
0.042
0.037
0.032
0.026
0.025
0.018
0.027
0.026
0.032
0.036
0.037
0.039
0.043
0.051
0.052
0.057
0.054
0.058
0.062
0.063
0.064
0.068
0.071
0.069
0.072
0.076
0.082
0.083
0.084
0.089
0.092
0.095
0.096
0.097
0.105
0.107
0.111
0.109
0.112
0.109
0.119
0.121
0.129
0.133
0.139
0.144
0.149
0.147
0.147
0.146
0.148
0.154
0.150
0.150
0.157
0.161
0.161
0.169
0.173
0.172
0.173
0.179
0.179
0.180
0.180
0.183
0.182
0.174
0.171
0.175
0.181
0.186
0.190
0.188
0.194
0.198
0.196
0.193
0.192
0.185
0.180
0.175
0.181
0.179
0.187
0.185
0.184
0.180
0.181
0.178
0.180
0.175
0.162
0.159
0.160
0.152
0.151
0.151
0.144
0.139
0.140
0.137
0.141
0.138
0.135
0.133
0.130
0.124
0.126
0.125
0.122
0.118
0.116
0.114
0.119
0.115
0.119
0.118
0.116
0.110
0.109
0.109
0.105
0.096
0.094
0.084
0.078
0.070
0.067
0.061
0.063
0.057
0.062
0.057
0.065
0.059
0.066
0.061
0.058
0.051
0.055
0.049
0.042
0.043
0.041
0.037
0.040
0.040
0.034
0.046
0.039
0.040
0.039
0.036
0.034
0.031
0.020
0.017
0.016
0.017
0.014
0.021
0.027
0.035
0.035
0.039
0.040
0.042
0.036
0.029
0.025
0.022
0.024
0.030
0.028
0.031
0.032
0.036
0.045
0.041
0.046
0.046
0.049
0.055
0.054
0.058
0.059
0.064
0.063
0.070
0.071
0.075
0.074
0.078
0.084
0.086
0.084
0.087
0.090
0.094
0.086
0.095
0.095
0.102
0.103
0.111
0.111
0.116
0.116
0.121
0.127
0.136
0.138
0.149
0.150
0.150
0.148
0.143
0.145
0.148
0.147
0.151
0.152
0.158
0.159
0.164
0.163
0.165
0.170
0.166
0.167
0.169
0.167
0.164
0.165
0.169
0.173
0.170
0.176
0.179
0.184
0.188
0.184
0.190
0.183
0.182
0.175
0.168
0.164
0.167
0.168
0.173
0.176
0.174
0.175
0.176
0.173
0.166
0.165
0.160
0.158
0.156
0.152
0.149
0.144
0.144
0.142
0.139
0.135
0.140
0.132
0.136
0.132
0.132
0.129
0.131
0.125
0.122
0.119
0.115
0.111
0.107
0.111
0.108
0.103
0.101
0.104
0.099
0.100
0.103
0.100
0.086
0.086
0.074
0.067
0.061
0.056
0.057
0.058
0.056
0.056
0.060
0.054
0.058
0.055
0.050
0.044
0.044
0.040
0.038
0.038
0.039
0.038
0.035
0.039
0.034
0.035
0.035
0.035
0.036
0.034
0.028
0.028
0.029
0.025
0.021
0.016
0.020
0.029
0.034
0.038
0.039
0.036
0.037
0.034
0.029
0.020
0.019
0.016
0.022
0.022
0.033
0.034
0.038
0.045
0.042
0.045
0.050
0.049
0.057
0.059
0.061
0.054
0.059
0.060
0.063
0.067
0.068
0.070
0.073
0.075
0.075
0.081
0.082
0.089
0.085
0.085
0.089
0.091
0.095
0.101
0.102
0.102
0.111
0.117
0.120
0.124
0.130
0.130
0.138
0.139
0.143
0.145
0.141
0.140
0.141
0.146
0.145
0.147
0.151
0.152
0.156
0.166
0.164
0.170
0.164
0.164
0.167
0.167
0.169
0.164
0.167
0.169
0.170
0.173
0.178
0.183
0.186
0.187
0.187
0.183
0.176
0.173
0.167
0.172
0.164
0.167
0.171
0.172
0.167
0.166
0.172
0.162
0.166
0.163
0.157
0.149
0.149
0.145
0.143
0.138
0.142
0.137
0.137
0.131
0.130
0.131
0.128
0.131
0.126
0.133
0.125
0.125
0.120
0.117
0.110
0.112
0.111
0.108
0.106
0.109
0.104
0.102
0.108
0.104
0.100
0.098
0.091
0.084
0.079
0.072
0.066
0.065
0.059
0.054
0.057
0.059
0.061
0.053
0.059
0.057
0.049
0.049
0.051
0.048
0.041
0.039
0.035
0.044
0.040
0.040
0.036
0.032
0.039
0.037
0.037
0.038
0.035
0.029
0.025
0.022
0.021
0.016
0.017
0.027
0.029
0.033
0.036
0.035
0.036
0.031
0.027
0.023
0.015
0.012
0.020
0.020
0.022
0.026
0.030
0.038
0.041
0.042
0.048
0.046
0.052
0.057
0.056
0.057
0.056
0.067
0.058
0.063
0.066
0.065
0.069
0.071
0.080
0.080
0.083
0.080
0.084
0.081
0.085
0.084
0.093
0.099
0.098
0.101
0.100
0.107
0.105
0.115
0.121
0.129
0.138
0.143
0.143
0.145
0.138
0.143
0.145
0.142
0.144
0.149
0.152
0.155
0.156
0.167
0.171
0.166
0.165
0.163
0.162
0.168
0.162
0.166
0.160
0.159
0.167
0.168
0.179
0.184
0.182
0.185
0.184
0.184
0.179
0.172
0.169
0.166
0.167
0.166
0.165
0.168
0.172
0.171
0.171
0.167
0.167
0.169
0.160
0.156
0.150
0.152
0.146
0.144
0.138
0.140
0.133
0.136
0.131
0.134
0.133
0.123
0.131
0.126
0.125
0.121
0.122
0.116
0.115
0.115
0.108
0.108
0.108
0.106
0.107
0.107
0.106
0.102
0.100
0.096
0.094
0.091
0.080
0.072
0.064
0.063
0.059
0.057
0.056
0.055
0.058
0.053
0.053
0.056
0.058
0.050
0.049
0.043
0.039
0.033
0.034
0.035
0.034
0.031
0.034
0.031
0.028
0.033
0.036
0.035
0.027
0.030
0.020
0.021
0.009
0.016
0.014
0.020
0.022
0.029
0.030
0.040
0.037
0.035
0.032
0.030
0.020
0.018
0.017
0.023
0.025
0.025
0.028
0.031
0.037
0.039
0.042
0.046
0.049
0.057
0.057
0.057
0.063
0.062
0.065
0.061
0.068
0.072
0.071
0.069
0.072
0.077
0.077
0.088
0.086
0.089
0.090
0.092
0.090
0.098
0.096
0.100
0.106
0.110
0.112
0.112
0.123
0.131
0.135
0.138
0.140
0.145
0.147
0.140
0.141
0.145
0.145
0.144
0.146
0.157
0.154
0.159
0.163
0.158
0.163
0.162
0.160
0.160
0.157
0.157
0.156
0.157
0.165
0.163
0.166
0.173
0.179
0.182
0.181
0.175
0.185
0.176
0.176
0.167
0.168
0.170
0.170
0.173
0.172
0.179
0.181
0.169
0.172
0.165
0.166
0.158
0.158
0.154
0.153
0.148
0.147
0.143
0.144
0.136
0.145
0.141
0.143
0.142
0.142
0.133
0.135
0.130
0.128
0.128
0.122
0.126
0.117
0.116
0.115
0.113
0.111
0.109
0.106
0.102
0.098
0.099
0.101
0.094
0.086
0.083
0.074
0.063
0.058
0.059
0.059
0.061
0.060
0.063
0.067
0.059
0.057
0.057
0.046
0.043
0.040
0.038
0.040
0.036
0.034
0.034
0.035
0.037
0.029
0.033
0.035
0.037
0.038
0.030
0.020
0.019
0.013
0.014
0.008
0.016
0.023
0.021
0.033
0.034
0.037
0.038
0.033
0.026
0.028
0.020
0.016
0.011
0.022
0.016
0.022
0.028
0.032
0.039
0.036
0.040
0.044
0.051
0.053
0.060
0.057
0.061
0.059
0.059
0.061
0.062
0.063
0.065
0.068
0.074
0.078
0.075
0.082
0.084
0.088
0.084
0.090
0.097
0.102
0.100
0.103
0.107
0.113
0.118
0.126
0.128
0.136
0.142
0.141
0.145
0.145
0.143
0.143
0.143
0.148
0.142
0.148
0.149
0.152
0.156
0.157
0.161
0.165
0.165
0.165
0.167
0.163
0.166
0.169
0.165
0.167
0.171
0.168
0.176
0.179
0.182
0.185
0.191
0.182
0.181
0.177
0.170
0.171
0.171
0.171
0.171
0.168
0.172
0.177
0.175
0.174
0.171
0.171
0.166
0.155
0.158
0.150
0.150
0.148
0.144
0.139
0.136
0.135
0.135
0.133
0.134
0.129
0.131
0.133
0.128
0.126
0.125
0.119
0.118
0.117
0.113
0.114
0.111
0.108
0.110
0.100
0.101
0.100
0.095
0.102
0.093
0.095
0.084
0.081
0.069
0.065
0.064
0.058
0.057
0.057
0.062
0.064
0.062
0.064
0.059
0.058
0.049
0.047
0.039
0.038
0.035
0.033
0.032
0.033
0.027
0.032
0.029
0.031
0.034
0.032
0.033
0.023
0.027
0.013
0.016
0.011
0.011
0.013
0.017
0.019
0.031
0.027
0.028
0.034
0.032
0.024
0.028
0.017
0.014
0.014
0.014
0.022
0.031
0.030
0.033
0.038
0.039
0.045
0.050
0.052
0.055
0.057
0.058
0.059
0.062
0.064
0.063
0.066
0.068
0.067
0.071
0.077
0.083
0.088
0.088
0.084
0.087
0.092
0.092
0.093
0.093
0.095
0.104
0.102
0.109
0.111
0.118
0.124
0.131
0.134
0.142
0.143
0.142
0.142
0.142
0.140
0.141
0.143
0.146
0.153
0.152
0.163
0.165
0.163
0.168
0.168
0.171
0.166
0.165
0.165
0.171
0.166
0.172
0.170
0.172
0.174
0.178
0.189
0.187
0.194
0.187
0.183
0.182
0.173
0.174
0.174
0.165
0.167
0.173
0.176
0.178
0.170
0.171
0.166
0.169
0.164
0.158
0.161
0.156
0.153
0.149
0.152
0.142
0.148
0.142
0.143
0.137
0.133
0.132
0.130
0.135
0.129
0.127
0.133
0.125
0.121
0.120
0.118
0.109
0.111
0.114
0.110
0.105
0.104
0.100
0.104
0.091
0.089
0.086
0.081
0.078
0.070
0.067
0.064
0.059
0.061
0.054
0.057
0.060
0.053
0.048
0.050
0.049
0.045
0.045
0.041
0.044
0.032
0.033
0.034
0.031
0.037
0.039
0.036
0.032
0.039
0.040
0.031
0.029
0.024
0.018
0.018
0.017
0.020
0.021
0.026
0.031
0.032
0.033
0.040
0.034
0.032
0.021
0.018
0.017
0.016
0.016
0.016
0.020
0.028
0.029
0.035
0.034
0.041
0.041
0.048
0.048
0.049
0.048
0.054
0.061
0.063
0.061
0.067
0.066
0.067
0.066
0.073
0.073
0.079
0.080
0.082
0.087
0.089
0.088
0.094
0.092
0.096
0.097
0.102
0.104
0.113
0.117
0.118
0.130
0.134
0.136
0.146
0.146
0.144
0.146
0.141
0.144
0.143
0.142
0.152
0.157
0.160
0.162
0.165
0.166
0.167
0.169
0.167
0.168
0.167
0.170
0.164
0.166
0.169
0.170
0.174
0.179
0.178
0.189
0.193
0.190
0.185
0.185
0.179
0.175
0.167
0.168
0.172
0.174
0.174
0.174
0.175
0.176
0.173
0.167
0.157
0.158
0.159
0.155
0.152
0.151
0.145
0.143
0.140
0.142
0.134
0.140
0.133
0.131
0.129
0.129
0.126
0.128
0.127
0.122
0.121
0.119
0.114
0.117
0.112
0.113
0.111
0.110
0.106
0.104
0.102
0.100
0.097
0.092
0.096
0.083
0.079
0.070
0.066
0.062
0.060
0.056
0.060
0.059
0.062
0.058
0.054
0.056
0.052
0.049
0.037
0.040
0.030
0.031
0.035
0.034
0.035
0.037
0.035
0.033
0.031
0.032
0.031
0.033
0.027
0.025
0.017
0.015
0.012
0.014
0.018
0.019
0.022
0.029
0.030
0.030
0.034
0.029
0.023
0.020
0.016
0.014
0.019
0.018
0.026
0.026
0.033
0.037
0.043
0.044
0.047
0.052
0.052
0.052
0.060
0.061
0.063
0.057
0.061
0.060
0.066
0.071
0.068
0.071
0.083
0.080
0.082
0.089
0.084
0.089
0.092
0.097
0.096
0.102
0.100
0.101
0.107
0.112
0.118
0.123
0.132
0.139
0.146
0.147
0.143
0.148
0.146
0.141
0.144
0.144
0.144
0.154
0.158
0.162
0.161
0.165
0.161
0.159
0.162
0.160
0.164
0.163
0.167
0.162
0.165
0.166
0.177
0.174
0.178
0.181
0.186
0.186
0.188
0.184
0.175
0.174
0.163
0.169
0.165
0.172
0.174
0.175
0.180
0.174
0.172
0.173
0.172
0.168
0.165
0.160
0.158
0.155
0.157
0.153
0.147
0.143
0.146
0.141
0.141
0.146
0.136
0.139
0.134
0.128
0.124
0.125
0.122
0.120
0.115
0.119
0.110
0.114
0.110
0.110
0.105
0.105
0.102
0.103
0.096
0.096
0.094
0.095
0.082
0.073
0.071
0.063
0.056
0.065
0.058
0.058
0.062
0.058
0.060
0.057
0.050
0.045
0.043
0.046
0.039
0.044
0.043
0.038
0.042
0.045
0.042
0.045
0.041
0.040
0.038
0.038
0.030
0.029
0.019
0.021
0.019
0.019
0.024
0.024
0.026
0.040
0.039
0.038
0.036
0.037
0.034
0.028
0.021
0.017
0.017
0.020
0.029
0.027
0.035
0.034
0.035
0.042
0.041
0.048
0.053
0.057
0.057
0.062
0.060
0.063
0.061
0.065
0.063
0.069
0.068
0.077
0.073
0.079
0.082
0.084
0.083
0.084
0.083
0.093
0.096
0.100
0.102
0.098
0.104
0.109
0.111
0.121
0.127
0.129
0.138
0.145
0.147
0.143
0.145
0.139
0.145
0.141
0.144
0.143
0.147
0.155
0.163
0.167
0.164
0.165
0.166
0.169
0.164
0.166
0.167
0.160
0.162
0.166
0.168
0.172
0.179
0.181
0.186
0.188
0.188
0.183
0.180
0.179
0.178
0.167
0.169
0.171
0.175
0.175
0.177
0.176
0.174
0.171
0.171
0.165
0.166
0.155
0.151
0.151
0.147
0.149
0.145
0.151
0.142
0.140
0.138
0.139
0.137
0.140
0.137
0.141
0.127
0.128
0.126
0.124
0.122
0.120
0.118
0.108
0.112
0.117
0.111
0.110
0.109
0.101
0.098
0.104
0.100
0.095
0.089
0.079
0.076
0.073
0.071
0.063
0.064
0.060
0.064
0.065
0.064
0.058
0.058
0.048
0.050
0.041
0.045
0.040
0.040
0.039
0.043
0.037
0.039
0.038
0.035
0.035
0.038
0.029
0.031
0.026
0.026
0.022
0.021
0.018
0.023
0.022
0.022
0.029
0.033
0.031
0.037
0.029
0.025
0.028
0.021
0.018
0.016
0.018
0.019
0.020
0.027
0.027
0.036
0.037
0.041
0.044
0.052
0.049
0.054
0.055
0.062
0.061
0.064
0.061
0.066
0.066
0.070
0.068
0.075
0.074
0.078
0.078
0.086
0.082
0.089
0.088
0.095
0.097
0.097
0.104
0.106
0.107
0.114
0.117
0.124
0.132
0.136
0.143
0.141
0.141
0.142
0.141
0.141
0.143
0.146
0.148
0.152
0.152
0.154
0.161
0.163
0.166
0.167
0.167
0.164
0.159
0.161
0.164
0.159
0.160
0.163
0.163
0.169
0.176
0.183
0.182
0.185
0.183
0.183
0.179
0.174
0.171
0.174
0.170
0.171
0.171
0.172
0.177
0.177
0.175
0.172
0.171
0.165
0.160
0.155
0.150
0.149
0.146
0.151
0.142
0.144
0.141
0.141
0.139
0.133
0.130
0.133
0.131
0.134
0.129
0.130
0.124
0.124
0.117
0.115
0.115
0.108
0.113
0.113
0.108
0.101
0.102
0.104
0.101
0.092
0.086
0.079
0.081
0.074
0.066
0.064
0.057
0.054
0.056
0.053
0.056
0.057
0.055
0.056
0.051
0.044
0.040
0.038
0.035
0.030
0.031
0.028
0.029
0.029
0.030
0.030
0.031
0.038
0.038
0.033
0.028
0.024
0.018
0.015
0.014
0.006
0.013
0.020
0.019
0.031
0.028
0.025
0.029
0.030
0.026
0.025
0.016
0.014
0.014
0.022
0.020
0.022
0.030
0.030
0.036
0.040
0.041
0.046
0.045
0.046
0.048
0.056
0.054
0.058
0.058
0.060
0.066
0.060
0.065
0.070
0.073
0.077
0.077
0.083
0.084
0.088
0.084
0.099
0.091
0.096
0.096
0.099
0.096
0.108
0.113
0.124
0.124
0.133
0.134
0.140
0.140
0.139
0.138
0.141
0.139
0.143
0.142
0.146
0.148
0.149
0.159
0.161
0.163
0.159
0.163
0.165
0.169
0.165
0.165
0.161
0.161
0.159
0.166
0.165
0.168
0.180
0.178
0.178
0.182
0.179
0.178
0.172
0.164
0.162
0.160
0.167
0.173
0.176
0.177
0.175
0.172
0.167
0.167
0.164
0.156
0.146
0.154
0.149
0.147
0.140
0.145
0.136
0.138
0.135
0.138
0.134
0.135
0.128
0.129
0.123
0.120
0.122
0.116
0.120
0.113
0.111
0.108
0.103
0.108
0.106
0.106
0.102
0.101
0.100
0.100
0.097
0.091
0.090
0.084
0.080
0.074
0.071
0.061
0.058
0.059
0.056
0.055
0.060
0.061
0.060
0.065
0.055
0.053
0.042
0.038
0.036
0.039
0.032
0.034
0.034
0.036
0.041
0.039
0.041
0.039
0.040
0.036
0.025
0.022
0.020
0.019
0.021
0.021
0.026
0.026
0.030
0.033
0.038
0.040
0.040
0.036
0.033
0.021
0.022
0.020
0.014
0.020
0.026
0.028
0.033
0.037
0.040
0.044
0.048
0.049
0.050
0.057
0.056
0.059
0.064
0.061
0.065
0.067
0.070
0.075
0.075
0.074
0.072
0.083
0.085
0.084
0.087
0.086
0.091
0.097
0.099
0.097
0.103
0.102
0.110
0.114
0.119
0.118
0.130
0.137
0.145
0.151
0.150
0.150
0.150
0.150
0.149
0.154
0.154
0.155
0.155
0.157
0.162
0.164
0.170
0.172
0.168
0.169
0.167
0.167
0.168
0.161
0.163
0.171
0.172
0.172
0.174
0.179
0.189
0.186
0.191
0.186
0.186
0.182
0.172
0.171
0.174
0.173
0.173
0.177
0.176
0.180
0.175
0.172
0.172
0.167
0.162
0.155
0.156
0.147
0.146
0.137
0.139
0.136
0.139
0.138
0.133
0.138
0.135
0.133
0.130
0.130
0.128
0.129
0.126
0.126
0.119
0.117
0.115
0.114
0.113
0.116
0.111
0.112
0.108
0.106
0.102
0.102
0.100
0.092
0.083
0.075
0.069
0.063
0.059
0.062
0.064
0.058
0.060
0.057
0.063
0.057
0.055
0.053
0.045
0.043
0.040
0.039
0.037
0.035
0.032
0.036
0.043
0.033
0.036
0.043
0.048
0.044
0.036
0.031
0.021
0.016
0.017
0.019
0.024
0.019
0.029
0.031
0.036
0.037
0.041
0.034
0.036
0.024
0.023
0.020
0.019
0.022
0.027
0.029
0.032
0.038
0.039
0.042
0.044
0.049
0.051
0.052
0.060
0.060
0.061
0.062
0.066
0.065
0.065
0.063
0.069
0.073
0.082
0.077
0.084
0.091
0.094
0.093
0.091
0.090
0.101
0.095
0.097
0.102
0.101
0.110
0.113
0.119
0.125
0.126
0.137
0.145
0.149
0.144
0.147
0.148
0.144
0.141
0.149
0.148
0.153
0.155
0.162
0.162
0.165
0.171
0.168
0.173
0.170
0.176
0.178
0.176
0.170
0.173
0.170
0.169
0.177
0.182
0.189
0.193
0.195
0.191
0.192
0.183
0.185
0.176
0.173
0.172
0.173
0.174
0.172
0.177
0.180
0.179
0.175
0.169
0.169
0.160
0.155
0.156
0.154
0.149
0.143
0.143
0.147
0.141
0.137
0.139
0.141
0.136
0.140
0.135
0.134
0.132
0.131
0.126
0.129
0.122
0.121
0.113
0.113
0.112
0.111
0.109
0.107
0.107
0.107
0.103
0.100
0.098
0.093
0.087
0.081
0.074
0.066
0.066
0.062
0.064
0.065
0.062
0.061
0.059
0.065
0.059
0.054
0.050
0.046
0.042
0.044
0.041
0.039
0.045
0.040
0.045
0.042
0.046
0.040
0.040
0.044
0.039
0.030
0.023
0.021
0.020
0.020
0.023
0.027
0.030
0.033
0.038
0.038
0.039
0.044
0.040
0.038
0.026
0.023
0.023
0.028
0.027
0.030
0.035
0.036
0.043
0.045
0.049
0.053
0.050
0.057
0.060
0.064
0.064
0.066
0.069
0.070
0.073
0.074
0.074
0.077
0.077
0.081
0.085
0.091
0.088
0.091
0.091
0.092
0.095
0.097
0.102
0.101
0.109
0.107
0.110
0.116
0.124
0.128
0.140
0.142
0.143
0.142
0.149
0.146
0.145
0.142
0.147
0.151
0.156
0.157
0.162
0.166
0.164
0.170
0.170
0.169
0.166
0.168
0.169
0.168
0.167
0.167
0.169
0.173
0.175
0.180
0.190
0.179
0.185
0.188
0.183
0.183
0.181
0.173
0.172
0.170
0.174
0.181
0.186
0.180
0.184
0.181
0.181
0.180
0.181
0.169
0.167
0.158
0.157
0.153
0.151
0.145
0.151
0.142
0.143
0.141
0.140
0.138
0.138
0.141
0.138
0.135
0.137
0.125
0.122
0.120
0.112
0.115
0.114
0.118
0.112
0.107
0.103
0.098
0.101
0.104
0.097
0.102
0.090
0.087
0.071
0.076
0.060
0.067
0.060
0.057
0.060
0.062
0.058
0.058
0.057
0.053
0.053
0.044
0.046
0.046
0.039
0.032
0.040
0.039
0.035
0.040
0.038
0.038
0.040
0.041
0.041
0.034
0.024
0.019
0.019
0.019
0.020
0.020
0.025
0.026
0.031
0.033
0.034
0.033
0.034
0.031
0.027
0.022
0.020
0.019
0.016
0.018
0.027
0.029
0.037
0.042
0.044
0.038
0.045
0.046
0.046
0.048
0.051
0.051
0.055
0.061
0.064
0.062
0.065
0.076
0.073
0.074
0.077
0.082
0.084
0.086
0.086
0.091
0.089
0.096
0.095
0.100
0.102
0.107
0.111
0.113
0.121
0.127
0.127
0.142
0.142
0.145
0.146
0.143
0.140
0.143
0.144
0.143
0.144
0.156
0.159
0.162
0.165
0.168
0.175
0.171
0.171
0.166
0.167
0.164
0.165
0.166
0.166
0.175
0.176
0.177
0.185
0.190
0.187
0.190
0.187
0.183
0.180
0.177
0.169
0.167
0.169
0.172
0.176
0.180
0.180
0.183
0.179
0.172
0.165
0.163
0.157
0.149
0.149
0.149
0.144
0.145
0.141
0.138
0.137
0.134
0.131
0.136
0.134
0.131
0.127
0.122
0.125
0.124
0.122
0.120
0.122
0.111
0.113
0.113
0.110
0.109
0.113
0.105
0.103
0.102
0.102
0.092
0.090
0.081
0.077
0.070
0.067
0.059
0.057
0.052
0.058
0.062
0.061
0.058
0.060
0.055
0.054
0.046
0.048
0.042
0.037
0.033
0.036
0.041
0.039
0.042
0.043
0.043
0.049
0.040
0.043
0.041
0.040
0.030
0.024
0.016
0.016
0.016
0.021
0.027
0.028
0.032
0.033
0.031
0.031
0.033
0.027
0.023
0.018
0.016
0.016
0.019
0.019
0.021
0.027
0.032
0.030
0.039
0.039
0.044
0.049
0.049
0.051
0.061
0.060
0.065
0.060
0.069
0.065
0.073
0.068
0.074
0.079
0.084
0.086
0.090
0.085
0.079
0.086
0.092
0.093
0.098
0.095
0.100
0.105
0.110
0.108
0.119
0.127
0.135
0.142
0.141
0.144
0.147
0.141
0.136
0.142
0.140
0.145
0.155
0.153
0.158
0.156
0.164
0.171
0.166
0.166
0.163
0.164
0.163
0.161
0.161
0.165
0.169
0.171
0.175
0.179
0.185
0.190
0.193
0.193
0.187
0.187
0.181
0.181
0.178
0.171
0.173
0.175
0.179
0.179
0.178
0.174
0.172
0.168
0.167
0.163
0.163
0.155
0.155
0.152
0.151
0.145
0.141
0.144
0.140
0.140
0.136
0.139
0.136
0.134
0.131
0.123
0.128
0.126
0.125
0.122
0.121
0.115
0.114
0.118
0.118
0.110
0.113
0.114
0.107
0.110
0.110
0.103
0.099
0.091
0.084
0.072
0.071
0.066
0.066
0.067
0.069
0.060
0.063
0.061
0.068
0.058
0.056
0.051
0.044
0.041
0.044
0.035
0.044
0.040
0.041
0.040
0.039
0.041
0.044
0.040
0.039
0.035
0.030
0.028
0.024
0.021
0.019
0.027
0.028
0.034
0.037
0.046
0.039
0.043
0.037
0.036
0.025
0.029
0.017
0.020
0.019
0.021
0.024
0.028
0.028
0.033
0.040
0.041
0.048
0.049
0.053
0.056
0.059
0.052
0.061
0.060
0.068
0.061
0.067
0.069
0.069
0.073
0.078
0.074
0.085
0.082
0.087
0.091
0.093
0.096
0.097
0.098
0.103
0.100
0.108
0.111
0.117
0.126
0.135
0.140
0.143
0.140
0.146
0.148
0.146
0.142
0.150
0.146
0.148
0.149
0.152
0.163
0.164
0.174
0.172
0.173
0.170
0.168
0.166
0.172
0.164
0.166
0.170
0.168
0.170
0.173
0.180
0.181
0.192
0.193
0.195
0.184
0.184
0.173
0.172
0.173
0.173
0.172
0.173
0.174
0.172
0.176
0.170
0.167
0.161
0.162
0.156
0.155
0.147
0.147
0.141
0.142
0.137
0.139
0.138
0.137
0.141
0.140
0.136
0.130
0.127
0.126
0.125
0.123
0.119
0.119
0.110
0.117
0.106
0.113
0.110
0.110
0.101
0.107
0.101
0.103
0.094
0.098
0.090
0.085
0.082
0.072
0.062
0.060
0.053
0.054
0.052
0.051
0.062
0.053
0.049
0.047
0.045
0.045
0.037
0.033
0.029
0.028
0.028
0.034
0.033
0.034
0.030
0.032
0.034
0.034
0.037
0.035
0.030
0.024
0.024
0.016
0.018
0.016
0.017
0.021
0.021
0.027
0.036
0.036
0.032
0.029
0.033
0.023
0.020
0.015
0.019
0.017
0.017
0.026
0.029
0.034
0.039
0.044
0.046
0.047
0.047
0.056
0.058
0.059
0.058
0.064
0.061
0.065
0.067
0.069
0.065
0.074
0.079
0.083
0.084
0.088
0.086
0.088
0.087
0.088
0.092
0.091
0.095
0.097
0.103
0.104
0.115
0.118
0.128
0.137
0.140
0.141
0.144
0.139
0.145
0.141
0.144
0.137
0.145
0.143
0.152
0.161
0.160
0.164
0.172
0.171
0.173
0.169
0.163
0.163
0.170
0.165
0.159
0.161
0.162
0.170
0.179
0.179
0.184
0.182
0.187
0.181
0.179
0.176
0.166
0.170
0.167
0.167
0.174
0.172
0.175
0.168
0.170
0.166
0.163
0.159
0.159
0.154
0.149
0.144
0.144
0.142
0.141
0.142
0.134
0.134
0.132
0.131
0.132
0.125
0.129
0.128
0.125
0.122
0.124
0.120
0.114
0.115
0.115
0.109
0.110
0.111
0.108
0.105
0.096
0.096
0.096
0.093
0.095
0.089
0.084
0.078
0.062
0.067
0.057
0.058
0.060
0.059
0.057
0.059
0.054
0.060
0.057
0.051
0.051
0.045
0.037
0.041
0.034
0.036
0.042
0.036
0.037
0.036
0.039
0.039
0.043
0.040
0.034
0.027
0.029
0.018
0.019
0.014
0.017
0.025
0.024
0.025
0.031
0.033
0.032
0.039
0.037
0.036
0.023
0.022
0.026
0.022
0.026
0.028
0.031
0.041
0.040
0.046
0.042
0.048
0.051
0.055
0.048
0.058
0.056
0.057
0.065
0.062
0.067
0.072
0.077
0.077
0.077
0.081
0.083
0.086
0.092
0.094
0.097
0.094
0.104
0.105
0.103
0.106
0.107
0.108
0.115
0.116
0.124
0.131
0.141
0.139
0.141
0.144
0.148
0.145
0.144
0.144
0.146
0.147
0.155
0.158
0.158
0.163
0.165
0.172
0.167
0.173
0.171
0.168
0.171
0.164
0.166
0.167
0.165
0.168
0.173
0.173
0.187
0.186
0.194
0.188
0.195
0.182
0.175
0.178
0.175
0.173
0.177
0.177
0.177
0.181
0.179
0.178
0.170
0.172
0.172
0.163
0.159
0.154
0.153
0.147
0.146
0.144
0.138
0.144
0.141
0.138
0.137
0.133
0.131
0.127
0.130
0.123
0.129
0.118
0.117
0.116
0.111
0.108
0.108
0.112
0.109
0.110
0.114
0.109
0.102
0.096
0.093
0.093
0.089
0.082
0.078
0.067
0.065
0.070
0.062
0.058
0.061
0.056
0.053
0.054
0.053
0.050
0.049
0.041
0.043
0.043
0.043
0.040
0.038
0.036
0.040
0.043
0.042
0.043
0.044
0.041
0.041
0.038
0.034
0.017
0.014
0.018
0.015
0.013
0.021
0.025
0.028
0.037
0.035
0.030
0.038
0.029
0.033
0.023
0.021
0.016
0.023
0.024
0.033
0.030
0.033
0.036
0.047
0.043
0.046
0.053
0.058
0.057
0.063
0.058
0.063
0.064
0.061
0.065
0.070
0.073
0.077
0.079
0.084
0.083
0.085
0.087
0.082
0.090
0.092
0.096
0.095
0.099
0.102
0.108
0.107
0.110
0.120
0.122
0.129
0.137
0.140
0.138
0.141
0.142
0.144
0.141
0.141
0.147
0.142
0.152
0.153
0.161
0.159
0.165
0.168
0.168
0.169
0.168
0.171
0.168
0.171
0.170
0.173
0.173
0.177
0.178
0.181
0.185
0.187
0.189
0.185
0.188
0.179
0.176
0.169
0.174
0.175
0.174
0.172
0.175
0.175
0.177
0.173
0.171
0.171
0.164
0.157
0.155
0.153
0.149
0.142
0.142
0.141
0.141
0.137
0.137
0.139
0.131
0.133
0.132
0.136
0.131
0.131
0.127
0.120
0.120
0.113
0.113
0.110
0.113
0.114
0.107
0.111
0.107
0.106
0.107
0.104
0.101
0.089
0.082
0.073
0.071
0.062
0.063
0.060
0.056
0.060
0.055
0.065
0.059
0.061
0.056
0.052
0.048
0.047
0.044
0.038
0.038
0.037
0.037
0.036
0.039
0.043
0.042
0.040
0.035
0.041
0.041
0.038
0.028
0.025
0.021
0.019
0.016
0.023
0.021
0.029
0.028
0.030
0.032
0.035
0.035
0.034
0.028
0.022
0.023
0.017
0.024
0.021
0.023
0.029
0.033
0.036
0.044
0.047
0.054
0.053
0.054
0.053
0.061
0.064
0.059
0.060
0.065
0.069
0.064
0.072
0.076
0.078
0.079
0.084
0.083
0.087
0.087
0.092
0.093
0.095
0.095
0.098
0.100
0.111
0.111
0.118
0.127
0.137
0.136
0.143
0.144
0.139
0.140
0.143
0.140
0.144
0.144
0.149
0.151
0.156
0.155
0.161
0.166
0.167
0.169
0.170
0.167
0.161
0.170
0.164
0.168
0.163
0.164
0.161
0.174
0.172
0.184
0.185
0.192
0.188
0.188
0.186
0.181
0.178
0.174
0.175
0.173
0.169
0.174
0.179
0.178
0.172
0.178
0.173
0.175
0.169
0.165
0.159
0.157
0.150
0.151
0.150
0.147
0.140
0.143
0.137
0.138
0.136
0.133
0.136
0.135
0.136
0.125
0.127
0.125
0.116
0.117
0.116
0.109
0.113
0.109
0.108
0.104
0.102
0.103
0.099
0.097
0.093
0.087
0.084
0.074
0.070
0.066
0.058
0.057
0.058
0.061
0.060
0.059
0.060
0.060
0.054
0.051
0.049
0.045
0.041
0.044
0.046
0.043
0.045
0.043
0.041
0.043
0.043
0.040
0.039
0.037
0.036
0.030
0.025
0.025
0.020
0.022
0.020
0.027
0.028
0.027
0.033
0.038
0.038
0.039
0.034
0.028
0.019
0.016
0.018
0.018
0.023
0.026
0.026
0.033
0.037
0.042
0.046
0.052
0.056
0.058
0.057
0.057
0.062
0.066
0.066
0.059
0.068
0.073
0.075
0.079
0.076
0.083
0.091
0.093
0.099
0.104
0.093
0.100
0.107
0.104
0.107
0.113
0.109
0.117
0.116
0.121
0.131
0.143
0.146
0.152
0.150
0.155
0.155
0.153
0.158
0.159
0.155
0.162
0.164
0.170
0.173
0.170
0.173
0.169
0.176
0.175
0.180
0.181
0.179
0.182
0.176
0.177
0.178
0.177
0.183
0.185
0.189
0.192
0.198
0.193
0.192
0.185
0.182
0.178
0.177
0.176
0.176
0.179
0.182
0.181
0.180
0.176
0.177
0.176
0.169
0.167
0.164
0.159
0.161
0.158
0.152
0.148
0.145
0.141
0.143
0.138
0.141
0.136
0.134
0.130
0.137
0.132
0.135
0.132
0.126
0.121
0.121
0.118
0.117
0.122
0.120
0.115
0.107
0.110
0.105
0.104
0.104
0.095
0.091
0.081
0.080
0.072
0.066
0.062
0.059
0.062
0.066
0.066
0.066
0.066
0.061
0.059
0.057
0.053
0.046
0.045
0.043
0.042
0.046
0.043
0.039
0.041
0.038
0.043
0.040
0.040
0.042
0.036
0.029
0.022
0.022
0.015
0.017
0.012
0.022
0.027
0.029
0.031
0.035
0.031
0.034
0.028
0.028
0.019
0.012
0.012
0.022
0.019
0.023
0.028
0.035
0.037
0.041
0.040
0.052
0.055
0.049
0.053
0.053
0.057
0.057
0.057
0.057
0.060
0.065
0.068
0.072
0.068
0.070
0.077
0.081
0.083
0.086
0.086
0.098
0.092
0.100
0.099
0.099
0.103
0.107
0.109
0.120
0.128
0.135
0.139
0.141
0.141
0.141
0.138
0.143
0.139
0.142
0.141
0.146
0.151
0.159
0.155
0.166
0.163
0.165
0.168
0.165
0.160
0.164
0.166
0.165
0.165
0.160
0.167
0.165
0.173
0.179
0.184
0.179
0.188
0.183
0.186
0.178
0.176
0.171
0.170
0.170
0.168
0.167
0.169
0.169
0.172
0.171
0.172
0.168
0.161
0.153
0.151
0.152
0.153
0.137
0.142
0.139
0.136
0.135
0.133
0.138
0.133
0.131
0.131
0.128
0.127
0.120
0.121
0.119
0.115
0.111
0.109
0.114
0.110
0.115
0.113
0.109
0.102
0.099
0.101
0.099
0.091
0.087
0.082
0.078
0.067
0.068
0.064
0.064
0.060
0.058
0.059
0.058
0.060
0.054
0.057
0.052
0.042
0.039
0.038
0.039
0.037
0.042
0.036
0.032
0.032
0.035
0.032
0.036
0.040
0.039
0.033
0.025
0.024
0.024
0.016
0.012
0.011
0.015
0.018
0.028
0.034
0.034
0.034
0.032
0.037
0.031
0.024
0.021
0.022
0.013
0.019
0.021
0.030
0.029
0.033
0.039
0.040
0.049
0.046
0.049
0.053
0.056
0.057
0.058
0.059
0.063
0.066
0.070
0.069
0.072
0.068
0.072
0.080
0.082
0.085
0.087
0.086
0.091
0.096
0.097
0.097
0.099
0.100
0.105
0.108
0.118
0.126
0.126
0.135
0.136
0.137
0.143
0.140
0.135
0.139
0.140
0.143
0.142
0.146
0.151
0.159
0.157
0.167
0.173
0.169
0.165
0.167
0.164
0.169
0.167
0.167
0.169
0.165
0.167
0.171
0.172
0.182
0.187
0.190
0.191
0.183
0.181
0.185
0.179
0.172
0.176
0.168
0.171
0.173
0.176
0.179
0.179
0.177
0.171
0.171
0.164
0.157
0.152
0.155
0.144
0.150
0.144
0.142
0.139
0.141
0.139
0.137
0.128
0.132
0.126
0.128
0.125
0.122
0.117
0.118
0.115
0.113
0.111
0.113
0.109
0.113
0.110
0.112
0.108
0.108
0.101
0.105
0.095
0.094
0.084
0.081
0.073
0.072
0.063
0.058
0.056
0.059
0.060
0.058
0.062
0.058
0.056
0.053
0.050
0.048
0.041
0.043
0.043
0.038
0.040
0.044
0.034
0.042
0.037
0.040
0.038
0.038
0.034
0.030
0.020
0.019
0.015
0.017
0.015
0.022
0.029
0.032
0.035
0.040
0.031
0.029
0.035
0.025
0.026
0.019
0.014
0.016
0.020
0.024
0.028
0.035
0.037
0.038
0.043
0.042
0.048
0.055
0.053
0.056
0.061
0.063
0.065
0.064
0.061
0.072
0.074
0.083
0.081
0.084
0.085
0.094
0.090
0.094
0.093
0.098
0.097
0.099
0.099
0.104
0.108
0.112
0.116
0.125
0.127
0.138
0.145
0.149
0.151
0.148
0.144
0.144
0.144
0.147
0.147
0.148
0.152
0.153
0.161
0.158
0.169
0.165
0.165
0.163
0.166
0.166
0.173
0.171
0.171
0.169
0.169
0.170
0.180
0.187
0.189
0.190
0.196
0.195
0.187
0.186
0.178
0.178
0.167
0.169
0.173
0.178
0.178
0.185
0.178
0.173
0.175
0.164
0.162
0.161
0.158
0.150
0.148
0.144
0.144
0.139
0.135
0.131
0.137
0.138
0.131
0.130
0.131
0.131
0.130
0.127
0.126
0.126
0.118
0.118
0.114
0.112
0.115
0.113
0.117
0.116
0.115
0.106
0.107
0.101
0.100
0.094
0.094
0.084
0.078
0.070
0.071
0.061
0.063
0.061
0.063
0.058
0.059
0.058
0.063
0.056
0.052
0.045
0.044
0.040
0.038
0.039
0.041
0.042
0.040
0.037
0.040
0.037
0.042
0.039
0.040
0.039
0.029
0.024
0.023
0.019
0.019
0.020
0.022
0.024
0.031
0.033
0.037
0.033
0.036
0.033
0.029
0.027
0.024
0.023
0.026
0.027
0.025
0.033
0.038
0.044
0.043
0.046
0.051
0.053
0.054
0.057
0.060
0.058
0.063
0.062
0.072
0.071
0.072
0.075
0.074
0.077
0.084
0.088
0.089
0.091
0.093
0.087
0.094
0.099
0.102
0.110
0.110
0.116
0.115
0.123
0.128
0.138
0.146
0.146
0.151
0.150
0.153
0.150
0.150
0.144
0.149
0.151
0.154
0.153
0.161
0.165
0.172
0.174
0.171
0.181
0.179
0.181
0.177
0.180
0.179
0.172
0.169
0.172
0.176
0.174
0.183
0.187
0.189
0.189
0.189
0.182
0.179
0.176
0.176
0.174
0.176
0.176
0.173
0.179
0.185
0.188
0.175
0.179
0.174
0.178
0.167
0.164
0.153
0.155
0.148
0.152
0.152
0.146
0.140
0.138
0.136
0.137
0.140
0.132
0.135
0.126
0.130
0.129
0.131
0.126
0.120
0.116
0.115
0.120
0.121
0.116
0.111
0.115
0.112
0.109
0.102
0.107
0.095
0.088
0.085
0.073
0.071
0.068
0.063
0.058
0.066
0.066
0.064
0.064
0.065
0.060
0.056
0.050
0.049
0.042
0.045
0.039
0.043
0.043
0.040
0.045
0.039
0.042
0.047
0.047
0.042
0.046
0.035
0.032
0.026
0.021
0.021
0.014
0.021
0.024
0.030
0.033
0.037
0.037
0.035
0.030
0.029
0.026
0.022
0.019
0.020
0.021
0.022
0.025
0.026
0.035
0.043
0.042
0.041
0.049
0.050
0.059
0.059
0.062
0.055
0.065
0.065
0.066
0.065
0.070
0.068
0.074
0.076
0.080
0.085
0.089
0.090
0.093
0.093
0.097
0.097
0.100
0.101
0.107
0.108
0.116
0.116
0.124
0.129
0.139
0.147
0.144
0.148
0.145
0.150
0.139
0.147
0.143
0.151
0.149
0.158
0.156
0.166
0.168
0.171
0.170
0.175
0.169
0.173
0.169
0.172
0.173
0.174
0.173
0.174
0.173
0.179
0.186
0.188
0.192
0.196
0.191
0.185
0.183
0.180
0.174
0.175
0.174
0.181
0.184
0.183
0.180
0.181
0.178
0.179
0.170
0.172
0.164
0.163
0.166
0.161
0.152
0.152
0.149
0.141
0.145
0.142
0.147
0.143
0.142
0.138
0.139
0.136
0.136
0.134
0.129
0.124
0.124
0.125
0.122
0.120
0.116
0.111
0.110
0.110
0.107
0.106
0.107
0.102
0.101
0.095
0.087
0.079
0.075
0.071
0.067
0.061
0.065
0.064
0.068
0.064
0.064
0.062
0.060
0.055
0.052
0.050
0.040
0.047
0.040
0.044
0.042
0.041
0.039
0.045
0.041
0.042
0.041
0.037
0.040
0.034
0.029
0.021
0.019
0.022
0.028
0.032
0.035
0.035
0.035
0.041
0.037
0.034
0.037
0.025
0.023
0.018
0.020
0.021
0.025
0.030
0.033
0.034
0.038
0.043
0.046
0.045
0.053
0.055
0.057
0.063
0.060
0.065
0.063
0.065
0.064
0.068
0.071
0.078
0.079
0.083
0.077
0.085
0.085
0.087
0.088
0.094
0.091
0.099
0.094
0.103
0.095
0.108
0.117
0.122
0.125
0.133
0.139
0.140
0.144
0.144
0.138
0.148
0.142
0.144
0.144
0.155
0.161
0.157
0.167
0.163
0.173
0.163
0.166
0.170
0.172
0.167
0.173
0.164
0.168
0.171
0.171
0.171
0.183
0.191
0.192
0.195
0.193
0.185
0.184
0.179
0.176
0.176
0.175
0.172
0.176
0.175
0.184
0.177
0.179
0.177
0.176
0.172
0.170
0.160
0.159
0.152
0.148
0.145
0.145
0.148
0.139
0.142
0.139
0.140
0.139
0.138
0.133
0.134
0.129
0.128
0.123
0.122
0.123
0.117
0.121
0.120
0.121
0.121
0.118
0.108
0.108
0.107
0.110
0.099
0.095
0.095
0.089
0.080
0.078
0.069
0.066
0.068
0.062
0.060
0.065
0.063
0.061
0.064
0.061
0.059
0.053
0.052
0.045
0.042
0.046
0.047
0.048
0.048
0.046
0.047
0.043
0.051
0.044
0.046
0.042
0.035
0.025
0.027
0.017
0.020
0.022
0.024
0.024
0.036
0.034
0.040
0.040
0.041
0.040
0.031
0.024
0.021
0.021
0.023
0.026
0.032
0.031
0.036
0.033
0.043
0.047
0.050
0.050
0.058
0.062
0.067
0.067
0.065
0.068
0.070
0.069
0.066
0.069
0.074
0.074
0.080
0.087
0.086
0.087
0.087
0.089
0.098
0.100
0.102
0.103
0.111
0.113
0.117
0.121
0.130
0.136
0.145
0.145
0.149
0.151
0.149
0.150
0.152
0.147
0.147
0.151
0.154
0.155
0.164
0.166
0.165
0.168
0.166
0.171
0.173
0.172
0.169
0.173
0.168
0.171
0.170
0.175
0.177
0.178
0.190
0.192
0.191
0.194
0.194
0.186
0.183
0.174
0.173
0.174
0.175
0.175
0.172
0.180
0.177
0.177
0.183
0.175
0.172
0.165
0.164
0.155
0.161
0.152
0.148
0.146
0.145
0.146
0.141
0.141
0.134
0.138
0.133
0.132
0.131
0.131
0.130
0.122
0.126
0.123
0.119
0.112
0.115
0.111
0.118
0.107
0.108
0.104
0.101
0.099
0.104
0.097
0.096
0.088
0.087
0.075
0.071
0.069
0.068
0.065
0.066
0.060
0.055
0.058
0.058
0.056
0.053
0.049
0.045
0.042
0.042
0.041
0.040
0.036
0.038
0.037
0.037
0.035
0.039
0.036
0.042
0.033
0.028
0.023
0.018
0.015
0.017
0.016
0.017
0.023
0.026
0.025
0.028
0.030
0.030
0.033
0.029
0.019
0.022
0.024
0.022
0.019
0.022
0.029
0.033
0.037
0.046
0.049
0.052
0.053
0.058
0.056
0.059
0.066
0.064
0.067
0.065
0.070
0.073
0.073
0.080
0.082
0.082
0.090
0.093
0.097
0.100
0.098
0.098
0.099
0.104
0.098
0.106
0.111
0.107
0.111
0.119
0.128
0.132
0.135
0.138
0.147
0.147
0.149
0.147
0.147
0.145
0.152
0.157
0.153
0.157
0.161
0.163
0.167
0.165
0.178
0.171
0.175
0.170
0.171
0.167
0.170
0.174
0.174
0.178
0.181
0.186
0.188
0.187
0.188
0.191
0.188
0.186
0.185
0.179
0.175
0.175
0.176
0.178
0.175
0.183
0.176
0.176
0.169
0.171
0.168
0.164
0.161
0.162
0.156
0.153
0.151
0.150
0.146
0.146
0.143
0.149
0.140
